"ID","Name","Description","Model","Serial Number","Barcode","Additional Information","Location Name","Area","Parent Asset Name","Worker Email","Category","Purchase Date","Service Date","Purchase Price","Warranty Expiration Date","Residual Price","Useful Life (number)","Useful Life (unit)","Depreciation Rate","Track Check Ins/Outs","Check In/Out","Check In Procedure","Check Out Procedure","Created At","Status","Current Value","Parts Names","Team Names","Customer Assigned Names","Vendor Assigned Names","Manufacturer Name","Operating Schedule"
"qFSLkxTtWv"," Control PC CPC005","Rack computer, Control PC. 
Simulator Type : 4DX Server
Windows Version : 11 Pro
Control Software Installed : 4DXv1.05
Power Supply : 
Motherboard :  ASRock IBM-X1313
GPU : GEFORCE RTX 4070
CPU : i9-10900F
RAM :  32GB
Galil : None
Date : 
Other Software Installed :  NVidia v572.83, Team Viewer, IntelBurn, FurMark v1.19.0.0, OpenHardwareMonitor v09.6, pulselock gamebuilds-2022,gamebuilds-2024, gamebuilds-2025, gamebuilds-wmr","Control PC","CPC005","CPC005",,"Pulseworks Shop",,,,,"","",,"",,"","","",,,,,"09/11/2025 07:25 AM","Operational",,"","","","",,
"HFAqh5BENZ"," VR Client PC VCM001","MSI Trident computer, VR Client PC. 
CMOS Batt : 6-2-2026
Headset Type : DPVR E4C
Windows Version : 11 Pro
Control Software Installed : VR Client Launcher 2.04
Power Supply : 450W
Motherboard : MSI MEG Z690i UNIFY
GPU : RTX 2070
CPU : i7-12700KF
RAM : 16GB DDR5 one stick
Galil : N/A
Date : 05-15-2026 Miheer and Ethen
Other Software Installed : Steam, SteamVR 2.12.14, TeamViewer, IntelBurnTest v2, Furmark v1.19.0.0, OpenHardwareMonitor v0.9.6, GeForce Driver, directx_Jun2010_redist, VC_redist.x64, VC_redist.x86, DPVRAssistantSetup3.9.26, HEVC Codec, Core Temp"," MSI Trident","VCM001","VCM001",,,,,,"Assets","","",,"",,"","","",false,,,,"06/03/2026 08:42 AM","Operational",,"","","","",,
"NQkJithTnh"," VR Client PC VCM051","
MSI Trident computer, VR Client PC. 
Simulator Type : PBS
Headset Type : HP
CMOS Battery: 9-8-25 
Windows Version : 10 PRO
Control Software Installed : VR Client Launcher 2.04
Power Supply : 
Motherboard : MSI MPG Z390I GAMING EDGE AC
GPU : NVIDIA GeForce RTX 2070
CPU : Intel Core i7-9700K
RAM : 16.0 GB
Galil : N/A
Date : 9-9-25
Other Software Installed : Steam, Steam VR v2.9.6, WMR, Team Viewer, OpenHardwareMonitor v0.9.6.
directx jun2010, vc redistx86, vs redistx64, hevc codec, geforce driver v572.83, gamebuilds-2022, gamebuilds-WMR, gamebuilds-2024"," MSI Trident","VCM051","VCM051",,"Midway - USS Midway Museum (FANA)",,,,,"","",,"",,"","","",false,,,,"09/10/2025 09:06 AM","Operational",,"","","","",,
"lBrGNPRJ1o","4DX2001","4DX Sim
Field upgraded with HP Reverb G2 headsets.
Returned to Pulseworks shop from FLEET deinstallation in 2025.","4DX","4DX2001","","4DX with Oculus headsets  headphone audio and windows 10 server","Pulseworks Shop","",,,"Assets","","",,"",0,"","","",false,,"","","08/20/2019 02:08 PM","",,"","","","",,
"tApyXsSYe2","4DX2002","4DX Sim","4DX",,,"Updated with HP Reverb G2 headsets 9/22.  Shipped to MSI 10/22","MSI-Museum of Science and Industry",,,"djohnson@pulseworksops.com",,"","10/12/2022",,"",0,"","","",false,,,,"08/20/2019 12:31 PM","Operational",,"","Chicago ","","",,
"ixevzJhsgq","4DX2010","4DX gen2 motionbase.  Fitted with 2080ti GPU's on clients and Vive Cosmos headsets","4DX Gen2",,"4DX2010",,"Alabama- USS Alabama Battleship (FANA)",,,,"VR Sim","","02/11/2020",,"",0,"","","",false,,,,"02/05/2020 10:48 AM","",,"","USS Alabama","","",,
"ExhAlOoIXU","4DXSH1-008","4DX Motionbase","4DX",,"4DXSH1-008",,"Pulseworks Shop",,,,,"","",,"",0,"","","",,,,,"08/20/2020 01:24 PM","Out of Service/Not at site",,"","Pulseworks Main Techs","","",,
"2TMrtvOPsM","4DXSH1-013",,"4DX",,"4DXSH1-013",,"Pulseworks Shop",,,,,"","",,"",0,"","","",,,,,"07/20/2018 11:06 AM","Out of Service/Not at site",,"","","","",,
"pEiA1NFKG4","4DXSH1-014",,"4DX",,"4DXSH1-014",,"Pulseworks Shop",,,,,"","",,"",0,"","","",,,,,"07/20/2018 11:07 AM","Out of Service/Not at site",,"","","","",,
"LbB4xTNLzP","4DXSH1-015","","4DX",,"4DXSH1-015","","GAAQ-Georgia Aquarium","Row 2",,,,"","",,"",0,"","","",false,,"","","07/20/2018 11:08 AM","Out of Service/Not at site",,"","GAAQ ","","",,
"TGGR3JpP8K","4DXSH1-016",,"4DX",,"4DXSH1-016",,"Intrepid - Intrepid Sea Air & Space Museum (FANA)",,,,,"","",,"",0,"","","",false,,,,"07/20/2018 11:09 AM","Out of Service/Not at site",,"","","","",,
"vec66N2BiH","4DXSH1-017","","4DX",,"4DXSH1-017","","GAAQ-Georgia Aquarium","Row 1",,,,"","",,"",0,"","","",false,,"","","07/20/2018 11:09 AM","Out of Service/Not at site",,"","GAAQ ","","",,
"11Vekcd2Yd","4DXSH1-018",,"4DX",,"4DXSH1-018",,"Pulseworks Shop",,,,,"","",,"",0,"","","",,,,,"07/20/2018 11:07 AM","Out of Service/Not at site",,"","","","",,
"3TY2Ju3mr6","4DXSH1-019","HP Reverb G2 headsets
Upgraded 5/23 for Hunstville","4DX",,"4DXSH1-019",,"USSRC-U.S. Space and Rocket Center",,,,,"","",,"",0,"","","",false,,,,"12/19/2018 03:09 PM","Out of Service/Not at site",,"","USSaRC","","",,
"t5xHo8J1cM","4DXSH1-020","Refurbished 6/2025
upgraded to extrusion PC rack
Shipped with Origin v3 PCs and DPVR E4C headsets","4DX","4DXSH1-020","4DXSH1-020",,"SCH-Space Center Houston","Motionbase 3",,"systems@spacecenter.org",,"","",,"",0,"","","",false,,,,"10/06/2020 02:36 PM","",,"","SCH Staff","","",,
"SDYkfHEbLX","4DXSH2-003","4DX Sim","4DX",,,"Updated with HP Reverb G2 headsets 9/22.  Shipped to MSI 10/22.
MSI is first deployment for this unit.","MSI-Museum of Science and Industry",,,"djohnson@pulseworksops.com",,"","10/12/2022",,"",,"","","",false,,,,"10/07/2022 08:47 AM","Operational",,"","Chicago ","","",,
"6GACg0YpyN","4DXSH2-004","Refurbished 6/2025
upgraded to extrusion PC rack
Shipped with Origin v3 PCs and DPVR E4C headsets","4DX Sway Unit","4DXSH2-004","4DXSH2-004","","SCH-Space Center Houston","Motionbase 2",,"systems@spacecenter.org",,"","11/17/2019",,"",0,"","","",false,,,,"11/07/2019 01:29 PM","Out of Service/Not at site",,"","SCH Staff","","",,
"y9yzNdKW8P","4DXSH2-005","4DX Sim Refurbed for Intrepid 5-2022.
Setup as Intrepid MotionBase 1. IP-192.168.1.51
Shipped with HP Reverb G2 Headsets.
All machines installed with windows 10.","4DX",,,,"Intrepid - Intrepid Sea Air & Space Museum (FANA)",,,,,"","05/20/2022",,"",0,"","","",false,,,,"08/20/2019 12:32 PM","Operational",,"","INTREPID","","",,
"FDizZSyRkI","4DXSH2-006","4DX Sim-  Refurbed for Intrepid 5/2022.  
Setup as Intrepid MotionBase 2- IP 192.168.1.52
Shipped with HP Reverb G2 headsets and windows 10 on all machines","4DX",,,,"Intrepid - Intrepid Sea Air & Space Museum (FANA)",,,,,"","05/20/2022",,"",0,"","","",false,,,,"08/20/2019 12:33 PM","Operational",,"","INTREPID","","",,
"eFvSrGCeC5","4DXSH2-007","4DX sim first deployment at Huntsville
Fitted with HP Reverb G2",,,"4DXSH2-007",,"USSRC-U.S. Space and Rocket Center",,,,,"","",,"",,"","","",false,,,,"06/20/2023 11:29 AM","Operational",,"","USSaRC","","",,
"97i67a638t","4DXSH2-008","Gen2 4dx motionbase setup w/ DPVR headsets.","4DX Sway Unit","4DXSH2-008","4DXSH2-008","Motion base 2 at GAAQ submarine. This unit is installed w/ 4x Origin PCs w/ 2080ti GPUs using HP Reverb pro headsets. Upgraded from Cosmos headset to DPVR headset before send it to Great Lakes.","Great Lakes Science Center","Motionbase 2",,,"Assets","","",,"",0,"","","",false,,,,"11/07/2019 01:31 PM","Operational",,"","","","",,
"PY8G0Qg4wF","4DXSH2-009","Refurbished 6/2025
upgraded to extrusion PC rack
Shipped with Origin v3 PCs and DPVR E4C headsets","4DX Sway Unit","4DXSH2-009","4DXSH2-009","","SCH-Space Center Houston","Motionbase 1",,"systems@spacecenter.org",,"","11/17/2019",,"",0,"","","",false,,,,"11/07/2019 01:33 PM","Out of Service/Not at site",,"","SCH Staff","","",,
"2HsIcmWowL","ADA PC ADA001","Mid size case computer, ADA PC. 
Simulator Type : VR 
Windows Version : 
Control Software Installed : 
Power Supply : 
Motherboard :  
GPU : 
CPU : 
RAM :  
Galil : 
Date :
Other Software Installed :  
","ADA PC","ADA001",,,"Pulseworks Shop",,,,"Assets","","",,"",,"","","",,,,,"09/11/2025 01:38 PM","Operational",,"","","","",,
"IXlXYoNru3","ADA PC ADA003","Mid size case computer, ADA PC. 
Change CMOS Battery? : 10/07/25
Headset Type : DPVR E4C
Windows Version : 10Pro
Control Software Installed : VR ADA Launcher
Power Supply : 850w
Motherboard :  Asus Prime Z390-P
GPU : RTX 2080
CPU : i7 - 8700
RAM :  16GB DDR4
Galil : N/A
Date : 10/08/25
Tech: Miheer / Billy.
Other Software Installed :  Steam, Steam VR v2.9.6, Team Viewer, Pulselock, IntelBurnTest v2, Furmark 1.19.0.0, OpenHardwareMonitor v0.9.6, GeForce Driver v572.83, directx_Jun2010_redist, VC_redist.x64, VC_redistx86, HEVC Codec, DPVRAssistantSetup. 
","ADA PC","ADA003","ADA003",,"Patriots Point-Patriots Point Naval & Maritime Museum (FANA)",,,,"Assets","","",,"",,"","","",false,,,,"10/09/2025 10:35 AM","Operational",,"","","","",,
"9DUJ44DBrF","ADA PC ADA004","Mid size case computer, ADA PC. 
Change CMOS Battery? : 10/08/25
Headset Type : DPVR E4C
Windows Version : 10Pro
Control Software Installed : VR ADA Launcher
Power Supply : 850w
Motherboard :  Asus Prime Z390-P
GPU : RTX 2080
CPU : i7 - 8700
RAM :  16GB DDR4
Galil : N/A
Date : 10/09/25
Tech: Miheer / Billy.
Other Software Installed :  Steam, Steam VR v2.9.6, Team Viewer, Pulselock, IntelBurnTest v2, Furmark 1.19.0.0, OpenHardwareMonitor v0.9.6, GeForce Driver v572.83, directx_Jun2010_redist, VC_redist.x64, VC_redistx86, HEVC Codec, DPVRAssistantSetup. 
","ADA PC","ADA004","ADA004",,"Pulseworks Shop",,,,"Assets","","",,"",,"","","",,,,,"10/09/2025 10:43 AM","Operational",,"","","","",,
"Uz7O3TtEAK","ADA PC ADA005","Mid size case computer, ADA PC. 
Change CMOS Battery? : 10/09/25
Headset Type : DPVR E4C
Windows Version : 10Pro
Control Software Installed : VR ADA Launcher
Power Supply : 850w
Motherboard :  Asus Prime Z390-A
GPU : RTX 2080 Super
CPU : i7 - 8700
RAM :  16GB DDR4
Galil : N/A
Date : 10/14/25
Tech: Miheer / Billy.
Other Software Installed :  Steam, Steam VR v2.9.6, Team Viewer, Pulselock, IntelBurnTest v2, Furmark 1.19.0.0, OpenHardwareMonitor v0.9.6, GeForce Driver v572.83, directx_Jun2010_redist, VC_redist.x64, VC_redistx86, HEVC Codec, DPVRAssistantSetup, Core Temp.","ADA PC","ADA005","ADA005",,"Pulseworks Shop",,,,"Assets","","",,"",,"","","",,,,,"10/14/2025 11:17 AM","Operational",,"","","","",,
"BoAPghRPdy","ADA PC ADA007","Mid size case computer, ADA PC. 
Simulator Type : VR 
Windows Version : 
Control Software Installed : 
Power Supply : 
Motherboard :  
GPU : 
CPU : 
RAM :  
Galil : 
Date :
Other Software Installed :","ADA PC","ADA007","ADA007",,"USAFM-National Museum of the United States Air Force",,,,"Assets","","",,"",,"","","",,,,,"10/14/2025 10:42 AM","Operational",,"","","","",,
"wGLTtwJvCS","ADA PC ADA030","Mid size case computer 
Computer Type : i360 Training PC
Windows Version : 10 Pro
Control Software Installed : 
Power Supply : 750W
Motherboard :  ASUS Prime 270-A
GPU : RTX 2080
CPU : i7-6700
RAM :  16GB DDR4
Galil : N/A
Date : 03-30-2026 Miheer
Other Software Installed :  IntelBurnTest v2, Furmark v1.19.0.0, OpenHardwareMonitor v0.9.6, GeForce Driver, directx_Jun2010_redist, HEVC Codec, Core Temp, TrainerLauncher","ADA PC","ADA030","ADA030",,"Pulseworks Shop",,,,"Assets","","",,"",,"","","",false,,,,"10/14/2025 10:40 AM","Operational",,"","","","",,
"GP4HDh2Yab","ADA PC ADA031","Mid size case computer, ADA PC. 
Simulator Type : VR 
Windows Version : 
Control Software Installed : 
Power Supply : 
Motherboard :  
GPU : 
CPU : 
RAM :  
Galil : 
Date :
Other Software Installed :  
","ADA PC","ADA031","ADA031",,"USAFM-National Museum of the United States Air Force",,,,"Assets","","",,"",,"","","",false,,,,"03/30/2026 11:50 AM","Operational",,"","","","",,
"EKVGLPR7Au","CM006","NP-M403H projector","Morphis","CM006","CM006","","SCH-Space Center Houston","1",,"systems@spacecenter.org",,"","",,"",0,"","","",false,,,,"02/24/2017 11:07 AM","",,"","SCH Staff","","",,
"CDzEDG5kHd","CM007","","Morphis",,"CM007","Internal Galil
Control Software v5.04","USSRC-U.S. Space and Rocket Center",,,"ussarc@pulseworksops.com",,"","",,"",0,"","","",false,,,,"02/24/2017 09:51 AM","",,"","USSaRC","","",,
"VA21FUJmuw","CM014",,"Morphis",,,"Gen 1 3D projection system Shares compressor with CM019 Single Port door operation","Pulseworks Warehouse","Position 1",,,,"","",,"",,"","","",,,,,"02/24/2017 09:40 AM","Out of Service/Not at site",,"","","","",,
"15OysgzeY7","CM018","","Morphis",,"CM018","Build version Software Version","HAZY-Steven F. Udvar-Hazy Center","",,"mnorris@pulseworks.com",,"","",,"",0,"","","",,,,,"02/22/2017 10:49 AM","",,"","DC","","",,
"W8ABceRNPC","CM028","","Morphis",,"CM028","Door Magnets; Projector: Epson PowerLite 1781w; Spare bulb: ELPLP94
Compatible with Morphis Control v4.2 
Internal Galil
External Gemco Transducers","USAFM-National Museum of the United States Air Force","BLDG 2 Position 1",,"nbuerschen@afmuseum.com",,"","",,"",0,"","","",false,,,,"02/24/2017 11:07 AM","",,"","USAFM","","",,
"BkoiBnimDp","CM034",,"Morphis",,,,,,,,,"","",,"",0,"","","",,,,,"02/24/2017 09:51 AM","Operational",,"","OMSI","","",,
"doIED70XZO","CM041",,"Morphis",,,,"Pulseworks Warehouse",,,,,"","",,"",,"","","",false,,,,"02/23/2017 01:52 PM","Out of Service/Not at site",,"","","","",,
"Awokv435IT","CMA - Mat VR","CMA-DITO single rack 9 quest 2s in the rack.
Mat size is 13 feet. Router Asus AX11000.","Mat VR 13 feet","MT003","MT003",,"CMA",,,,"Assets","","",,"",,"","","",false,,,,"03/10/2025 03:22 PM","Operational",,"","CMA","","",,
"N8XchV8wPe","Control PC CPC001","Rack computer, Control PC. 
Simulator Type : 
Windows Version : 
Control Software Installed :
Power Supply : 
Motherboard : 
GPU : 
CPU : 
RAM :  
Galil : 
Date : 
Other Software Installed :
","Control PC.","CPC001","CPC001",,"Pulseworks Shop",,,,"Assets","","",,"",,"","","",,,,,"01/23/2026 11:17 AM","Operational",,"","","","",,
"iRBUOYX2Bd","Control PC CPC002","Rack computer, Control PC. 
Simulator Type : I-360
Windows Version : 10Pro
Control Software Installed :
Power Supply : 850W
Motherboard : IMB X-1314
GPU : RTX 5070
CPU : i9-14900
RAM :  32GB DDR4
Galil : 62245
Date : 01/23/26
Other Software Installed :Galil Tools v1.6.3.546, NVidia v572.83, Team Viewer, IntelBurn, FurMark v1.19.0.0, OpenHardwareMonitor v09.6, Pulselock, HEVC Codec, Direct X, I-360 V2 Setup, APC.
","Control PC.","CPC002","CPC002",,"MOF-Museum of Flight",,,,"Assets","","",,"",,"","","",false,,,,"02/19/2026 09:50 AM","Operational",,"","","","",,
"Z86dc1D9x5","Control PC CPC017","Rack computer, Control PC. 
Simulator Type : VRT
Windows Version : 10 Pro
Control Software Installed : VRT Sim Control V1.10
Power Supply : 850w
Motherboard :  IMB X1314
GPU : RTX 5070
CPU : i9-14900K
RAM :  32G DDR4
Galil : AM-12080
Date : 03/09/26 Miheer
Other Software Installed : Galil Tools v1.6.3.546, NVidia v572.83, Team Viewer, IntelBurn, FurMark v1.19.0.0, OpenHardwareMonitor v09.6, Pulselock, HEVC Codec, 2024 Codec LAV.
","Control PC.","CPC017","CPC017","","Museum of Aviation",,,,"Assets","","",,"",,"","","",false,,"","","03/16/2026 02:18 PM","Operational",,"","","","",,
"9v8BkZSN8H","Control PC CPC103","Rack computer, Control PC.  Simulator Type :Morphis  Windows Version :10 Control Software Installed :Morphis V5.04 Power Supply :850w Motherboard :Asrock IMB-X1313  GPU :1080  CPU : i7 9700 RAM :DDR4 32G Galil :Internal 13500 Date : Other Software Installed :","Control PC.","CPC103","","","USSRC-U.S. Space and Rocket Center","",,,"Assets","","",,"",,"","","",false,,"","","08/01/2025 08:41 AM","Operational",,"","","","",,
"9nIrGOXHAi","Control PC CPC104","Rack computer, Control PC. 
Simulator Type : 4DX
Windows Version : 10 Pro
Control Software Installed : VRSimControl
Power Supply : 850w
Motherboard :  IMB-X1314
GPU : RTX 5070
CPU : i7-14900K
RAM :  32GB DDR4
Galil : N/A
Date : 4/6/26 Miheer
Other Software Installed : NVidia v572.83, Team Viewer, IntelBurn, FurMark v1.19.0.0, OpenHardwareMonitor v09.6, Pulselock, HEVC Codec, PulseLock v2.34, SMCP. Core Temp.","Control PC.","CPC104","CPC104",,"Great Lakes Science Center",,,,"Assets","","",,"",,"","","",false,,,,"04/06/2026 11:23 AM","Operational",,"","","","",,
"ltj1CSYD8e","Control PC CPC119","Rack computer, Control PC. 
Simulator Type : I-360
Windows Version : ??
Control Software Installed : I360v5.33
Power Supply : 750w
Motherboard :  Gigabyte GA-Z77-HD3
GPU : GEFORCE GTX650Ti
CPU : ??
RAM : CRUCIAL DDR3
Galil : 53760
Date : 7/27/26 Oscar
Other Software Installed : Galil Tools v1.6.3.546, NVidia v572.83, Team Viewer, IntelBurn, FurMark v1.19.0.0, OpenHardwareMonitor v09.6, Capsule Viewer,I360 Game,I360v5.33,ManualControlApp, Pulselock, APD_501_T88V , ","Control PC","CPC119","","","Pulseworks Shop","",,,"Assets","","",,"",,"","","",false,,"","","07/27/2026 10:09 AM","",,"","","","",,
"umiO2BBixb","Control PC CPC132","Rack computer, Control PC. 
Simulator Type : 
Windows Version : 
Control Software Installed :
Power Supply : 
Motherboard : 
GPU : 
CPU : 
RAM :  
Galil : 
Date : 
Other Software Installed :
","Control PC.","CPC132","CPC132",,"Pulseworks Shop",,,,"Assets","","",,"",,"","","",,,,,"11/11/2025 07:36 AM","Operational",,"","","","",,
"vu4GDtWjbF","Control PC CPC138","Rack computer, Control PC. 
Simulator Type : 
Windows Version : 
Control Software Installed :
Power Supply : 
Motherboard : 
GPU : 
CPU : 
RAM :  
Galil : 
Date : 
Other Software Installed :
","Control PC.","CPC138","CPC138",,"MOF-Museum of Flight",,,,"Assets","","",,"",,"","","",false,,,,"09/12/2025 07:03 AM","Operational",,"","","","",,
"TdylYLBNzJ","Control PC CPC149","Rack computer, Control PC. 
Simulator Type : 
Windows Version : 
Control Software Installed :
Power Supply : 
Motherboard : 
GPU : 
CPU : 
RAM :  
Galil : 
Date : 
Other Software Installed :
","Control PC.","CPC149","CPC149",,"Pulseworks Shop",,,,"Assets","","",,"",,"","","",,,,,"03/30/2026 11:47 AM","Operational",,"","","","",,
"dVwQtETNQk","Control PC CPC152","Rack computer, Control PC.  
Simulator Type : i360-2024 (Control Teqniq-Nidec Drives)
Windows Version : 10 Pro 
Control Software Installed: I360 Control
Power Supply : 850w 
Motherboard :  ASRock IMB-X1314 
GPU : RTX5070 
CPU : i9-14900 
RAM : 32 GB DDR4 
Galil : 53752
Date : 7-23-2026 Miheer and Ethen 
Other Software Installed: TeamViewer, IntelBurnTest v2, Furmark v1.19.0.0, OpenHardwareMonitor v0.9.6, GeForce Driver, directx_Jun2010_redist, HEVC Codec, Core Temp, Pulselock v2.11, Capsule Viewer, I360 Control, APD_501_T88V","Control PC.","CPC152","","","Pulseworks Shop","",,,"Assets","","",,"",,"","","",false,,"","","03/27/2025 10:44 AM","Operational",,"","","","",,
"pW34a2AzJh","Control PC CPC156","Rack computer, Control PC. 
Simulator Type : I-360
Windows Version : 10 Pro
Control Software Installed : I360v5.33
Power Supply : 850w
Motherboard :  ASRock IBM-X1313
GPU : GEFORCE RTX 2080
CPU : i9-10900F
RAM : CORSAIR Vengeance DDR4
Galil : 1367
Date : 8/19/25 Oscar
Other Software Installed : Galil Tools v1.6.3.546, NVidia v572.83, Team Viewer, IntelBurn, FurMark v1.19.0.0, OpenHardwareMonitor v09.6, Capsule Viewer,I360 Game,I360v5.33, Pulselock, APD_501_T88V , 
","Control PC","CPC156",,,"MOF-Museum of Flight",,,"techsupport@pulseworks.com","Assets","","",,"",,"","","",false,,,,"08/19/2025 09:33 AM","Operational",,"","","","",,
"Nh0tyelpHE","Control PC CPC159","Rack computer, Control PC. 
Simulator Type : VRT Control PC
Windows Version : 10 Pro
Control Software Installed :
Power Supply : 850W
Motherboard : IMB -X1314
GPU : RTX 5070
CPU : i9-14900
RAM : DDR4 32 GB 
Galil : 59861
Date : 01-29-2026
Other Software Installed : 
","Control PC.","CPC159","CPC159",,"Patriots Point-Patriots Point Naval & Maritime Museum (FANA)",,,,"Assets","","",,"",,"","","",false,,,,"01/23/2026 11:40 AM","Operational",,"","","","",,
"IuXy6yAWZf","Control PC CPC160","Rack computer, Control PC. 
Simulator Type : I-360
Windows Version : 10 Pro
Control Software Installed :
Power Supply : 
Motherboard : 
GPU : 
CPU : 
RAM :  
Galil : 
Date : 
Other Software Installed : 
","Control PC.","CPC160",,,"Pulseworks Shop",,,,"Assets","","",,"",,"","","",false,,,,"06/17/2025 01:37 PM","Operational",,"","","","",,
"1yQMndVBD2","Control PC CPC161","Rack computer, Control PC. 
Simulator Type : ESP
Windows Version : 10 Pro
Control Software Installed : ESP COSI v US1.201
Power Supply : 750w
Motherboard :  ASROCK IMB-X1313 
GPU : GeForce RTX 3070Ti
CPU : i9-10900F
RAM : 16GB DDR4
Galil : Yes 58357
Date : 9/25/25 Oscar & Miheer
Other Software Installed : Galil Tools v1.6.3.546, NVidia v572.83, Team Viewer, IntelBurn, FurMark v1.19.0.0, OpenHardwareMonitor v09.6, Pulselock, HEVC Codec, Capsule Player, Capsule Viewer, 2024 Codec LAV.","Control PC.","CPC161",,,"MSI-Museum of Science and Industry",,,,"Assets","","",,"",,"","","",false,,,,"04/11/2025 07:57 AM","Operational",,"","","","",,
"Au10sKVkHl","Control PC CPC162","Rack computer, Control PC. 
Simulator Type : 4DX
Windows Version : 10 Pro
Control Software Installed :VR4DXsim
Power Supply : 850w
Motherboard :  ASRock IBM-X1313
GPU : GEFORCE RTX 2070 Super
CPU : i9-10900F
RAM :  DDR4- 16GB Corsair
Galil : None
Date : 8/19/25 Oscar/Reggie
Other Software Installed :  NVidia v572.83, Team Viewer, IntelBurn, FurMark v1.19.0.0, OpenHardwareMonitor v09.6, Pulselock v2.34, JRE-8U171, directX june2010, vc_redistx86, vr_redistx64, GameBuilds2-22, GameBuilds-2024, GameBuilds-2025, GameBuilds-WMR, VRsimControl","Control PC","CPC162","CPC162",,"SCH-Space Center Houston",,,,"Assets","","",,"",,"","","",false,,,,"08/28/2025 07:54 AM","Operational",,"","","","",,
"0oErPHNiCa","Control PC CPC163","Rack computer, Control PC. 
Simulator Type : PSB Control PC
Windows Version : 10 Pro
Control Software Installed : Pulseworks PSB VR Sim Control v1.01
Power Supply : 850w
Motherboard :  IMB-X1314
GPU : RTX 5070
CPU : i9-14900
RAM :  DDR4 32 GB
Galil : N/A
Date : 1-7-25 Ethen
Other Software Installed :  TeamViewer, IntelBurnTest v2, Furmark v1.19.0.0, OpenHardwareMonitor v0.9.6, 
GeForce Driver, directx_Jun2010_redist, VC_redist.x64, VC_redist.x86, HEVC Codec, Pulselock, Arduino, Motion Control PID, VR Backgrounds","Control PC","CPC163","CPC163",,"MOF-Museum of Flight",,,,"Assets","","",,"",,"","","",false,,,,"08/19/2025 09:26 AM","Operational",,"","","","",,
"EIro8I1IJ8","Control PC CPC164","Rack computer, Control PC. 
Simulator Type : 
Windows Version :
Control Software Installed :
Power Supply : 
Motherboard :  
GPU : 
CPU : 
RAM : 
Galil : 
Date :  
Other Software Installed :","Control PC."," CPC164",,,"FMNH-Field Museum of Natural History",,,,"Assets","","",,"",,"","","",false,,,,"08/04/2025 08:01 AM","Operational",,"","","","",,
"yelP31pwX8","Control PC CPC165","Rack computer, Control PC. 
Simulator Type : i360 Control PC
Windows Version : 10 Pro
Control Software Installed : VR Client Launcher 2.04
Power Supply : 850W
Motherboard : IMB-X1314
GPU : RTX 5070
CPU : i9-14900
RAM :  32 GB DDR4
Galil : 59857
Date : 1-7-2025 Miheer, Ethen, Oscar
Other Software Installed : TeamViewer, IntelBurnTest v2, Furmark v1.19.0.0, OpenHardwareMonitor v0.9.6, 
GeForce Driver, directx_Jun2010_redist, HEVC Codec, Core Temp, Pulselock, Galil Tools, i360 Control
","Control PC.","CPC165","CPC165",,"Pulseworks Shop",,,,"Assets","","",,"",,"","","",false,,,,"09/12/2025 07:05 AM","Operational",,"","","","",,
"IktsIA4Bny","Control PC CPC166","Rack computer, Control PC. 
Simulator Type : I-360
Windows Version : 7 Pro
Control Software Installed : I360v??
Power Supply : 750w
Motherboard :  ASUS Z170-A
GPU : GEFORCE GTX 1080
CPU : i7-6700
RAM : CRUCIAL 4Gb DDR4
Galil : 
Date : ???
Other Software Installed : Galil Tools v1.6.3.546, NVidia v572.83, Team Viewer, IntelBurn, FurMark v1.19.0.0, OpenHardwareMonitor v09.6, Capsule Viewer,I360 Game,I360v5.33,ManualControlApp, Pulselock, APD_501_T88V , ","Control PC","CPC166","","","Pulseworks Shop","",,,"Assets","","",,"",,"","","",false,,"","","07/23/2026 11:39 AM","",,"","","","",,
"DzVB5uhkuf","Control PC CPC167","Rack computer, Control PC. 
Simulator Type : I-360
Windows Version : 10Pro 
Control Software Installed : I360 V5.33
Power Supply : 850 W
Motherboard : ASRock IMB1314
GPU :  RTX 4070
CPU : i7-14700
RAM :  32 GB DDR4
Galil : 53754
Date : 10-30-2025
Other Software Installed : Galil Tools v1.6.3.546, NVidia v572.83, Team Viewer, IntelBurn, FurMark v1.19.0.0, OpenHardwareMonitor v09.6, Pulselock, HEVC Codec, Capsule Player, Capsule Viewer, 2024 Codec LAV, Coretemp V1.19.5.69, LibreHardWareMornitor, APD_501_T88V.

","Control PC.","CPC167","CPC167",,"MOF-Museum of Flight",,,,"Assets","","",,"",,"","","",,,,,"11/03/2025 06:50 AM","Operational",,"","","","",,
"6Mg5eB8S7Z","Control PC CPC168","Rack computer, Control PC. 
Simulator Type : i360 
Windows Version : 10 Pro
Control Software Installed : i360 v5.33-2015
Power Supply : 850W
Motherboard : ASROCK IMB-X1314
GPU : RTX 5070
CPU : i9-14900
RAM :  32GB DDR4
Galil : 53758
Date : 7-17-2026 Miheer and Ethen
Other Software Installed : TeamViewer, IntelBurnTest v2, Furmark v1.19.0.0, OpenHardwareMonitor v0.9.6, GeForce Driver, directx_Jun2010_redist, HEVC Codec, Core Temp, Pulselock v2.11, Capsule Viewer, APD_501_T88V
","Control PC.","CPC168","CPC168",,"MSI-Museum of Science and Industry",,,,"Assets","","",,"",,"","","",false,,,,"01/23/2026 11:19 AM","Operational",,"","","","",,
"zSgP2CIDh5","Control PC CPC200","Rack computer, Control PC.  Simulator Type : Morphis Windows Version : 10 Pro Control Software Installed : Power Supply : 850w Motherboard :  Gigabyte C346-WU4-CF GPU : Zatac Gaming 4070 CPU : i7-9700K RAM :  DDR4 Galil : AM-60247 Date : 1/10/25 Ethen Other Software Installed :","Control PC.","CPC200","CPC200","Installed in DC Zoo Morphis rack","Pulseworks Shop","",,,"Assets","","",,"",,"","","",false,,"","","03/10/2025 07:38 AM","Operational",,"","","","",,
"Shl1LkQkqj","Control PC CPC211","Rack computer, Control PC. 
Simulator Type : 
Windows Version : 
Control Software Installed :
Power Supply : 
Motherboard : 
GPU : 
CPU : 
RAM :  
Galil : 
Date : 
Other Software Installed :
","Control PC.","CPC211","CPC211",,"Pulseworks Shop",,,,"Assets","","",,"",,"","","",,,,,"02/04/2026 02:31 PM","Operational",,"","","","",,
"zt7ITpFmfn","Control PC CPC214","Rack computer, Control PC.  Simulator Type :  Windows Version : 10 Pro Control Software Installed : Power Supply : 850w Motherboard :  AsRock X1313 GPU : RTX3070 CPU : i7-10700K RAM :  32GB DDR4  Galil : Date : 3/14/25 Ethen Other Software Installed:","Control PC.","CPC214","","Installed in content teams office test rack","Pulseworks Shop","",,,"Assets","","",,"",,"","","",false,,"","","03/24/2025 09:36 AM","Operational",,"","","","",,
"cj65L3fwYT","Control PC CPC215","Rack computer, Control PC. 
Simulator Type : 
Windows Version : 10 Pro
Control Software Installed :
Power Supply : 850w
Motherboard :  AsRock X1313
GPU : RTX3070
CPU : i7-9700K
RAM :  32GB DDR4 
Galil : External
Date : 3/14/25 Ethen
Other Software Installed :","Control PC.","CPC215",,,"USAFM-National Museum of the United States Air Force",,,,"Assets","","",,"",,"","","",false,,,,"03/24/2025 09:31 AM","Operational",,"","","","",,
"CPyuSDCJqM","Control PC CPC216","Rack computer, Control PC. 
Simulator Type : 
Windows Version : 
Control Software Installed :
Power Supply : 
Motherboard : 
GPU : 
CPU : 
RAM :  
Galil : 
Date : 
Other Software Installed :
","Control PC.","CPC216","CPC216",,"Pulseworks Shop",,,,"Assets","","",,"",,"","","",,,,,"02/09/2026 02:27 PM","Operational",,"","","","",,
"XBBKfRJaP3","Control PC CPC218","Rack computer, Control PC. 
Simulator Type : 
Windows Version : 
Control Software Installed :
Power Supply : 
Motherboard : 
GPU : 
CPU : 
RAM :  
Galil : 
Date : 
Other Software Installed :
","Control PC.","CPC218","CPC218",,"Pulseworks Shop",,,,"Assets","","",,"",,"","","",,,,,"03/30/2026 12:06 PM","Operational",,"","","","",,
"tGGPIPf91M","Control PC CPC219","Rack computer, Control PC. 
Simulator Type : 
Windows Version : 11 Pro
Control Software Installed :  
Power Supply : 850w
Motherboard :  IMB- X1314
GPU : GPU 5070
CPU : i9-14900
RAM :  8G DDR4
Galil : 63308
Date : 
Other Software Installed : 
","Control PC","CPC219","CPC219",,"Pulseworks Shop",,,,"Assets","","",,"",,"","","",,,,,"07/13/2026 07:31 AM","Operational",,"","","","",,
"isH8rBQDYE","Control PC CPC220","Rack computer, Control PC. 
Simulator Type : 
Windows Version : 
Control Software Installed :
Power Supply : 
Motherboard : 
GPU : 
CPU : 
RAM :  
Galil : 
Date : 
Other Software Installed :","Control PC","CPC220","CPC220",,"Pulseworks Shop",,,,"Assets","","",,"",,"","","",,,,,"07/13/2026 07:38 AM","Operational",,"","","","",,
"pBiITSW2Fc","Control PC CPC221","Rack computer, Control PC. 
Simulator Type : 
Windows Version : 
Control Software Installed :
Power Supply : 
Motherboard : 
GPU : 
CPU : 
RAM :  
Galil : 
Date : 
Other Software Installed :","Control PC","CPC221","CPC221",,"Pulseworks Shop",,,,"Assets","","",,"",,"","","",,,,,"07/13/2026 07:39 AM","Operational",,"","","","",,
"enBlhvvYkY","Control PC CPC222","Rack computer, Control PC. 
Simulator Type : 
Windows Version : 
Control Software Installed :
Power Supply : 
Motherboard : 
GPU : 
CPU : 
RAM :  
Galil : 
Date : 
Other Software Installed :","Control PC","CPC222","CPC222",,"Pulseworks Shop",,,,"Assets","","",,"",,"","","",,,,,"07/13/2026 07:41 AM","Operational",,"","","","",,
"iA5IygnIoF","Control PC CPC223","Rack computer, Control PC. 
Simulator Type : i360
Windows Version : 10 Pro
Control Software Installed :
Power Supply : 850W
Motherboard : ASROCK IMB-X1314
GPU : RTX 5070
CPU : i9-14900
RAM :  32 GB DDR4
Galil : 50653
Date : 7-15-2026
Other Software Installed : ","Control PC","CPC223","CPC223",,"Pulseworks Shop",,,,"Assets","","",,"",,"","","",,,,,"07/15/2026 07:23 AM","Operational",,"","","","",,
"YPa08WCCiF","DITO VR","Drop in the ocean experience.  8x Oculus Quest2 headsets",,,,"First deployment of DITO.  deployed at GAAQ.  Includes 6 active quest 2 hesdsets+ 2 hotspares.  All with bobo vr battery pack headstraps.  6 battery charging pads with 12 batteries. Also 1 inuc mini PC running windows11 as the game server.  Asus rog wifi6 router for connectivity.","Pulseworks Shop",,,,,"","",,"",,"","","",false,,"","","01/18/2023 08:47 AM","Operational",,"","GAAQ ","","",,
"1Mk5pzcGxi","ESP001",,"ESP",,"ESP001",,"MSI-Museum of Science and Industry","Position X",,"djohnson@pulseworksops.com",,"","",,"",0,"","","",false,,,,"02/24/2017 09:30 AM","Operational",,"","Chicago ","","",,
"zTlItRlXCO","ESP004",,"ESP",,"ESP004",,"MSI-Museum of Science and Industry","Position Y",,"djohnson@pulseworksops.com",,"","",,"",0,"","","",false,,,,"02/24/2017 09:30 AM","",,"","Chicago ","","",,
"s8dcVT3tKh","ESP005","Original UK electrical with Pulseworks control system upgrades.
Damage on shipping from CSC to Pulseworks shop.3/16/26.","ESP","ESP005",,,"Pulseworks Shop","CSC 2 Position 1",,,"Assets","","",,"",0,"","","",false,,,,"02/23/2017 01:56 PM","",,"","","","",,
"oBtYa6AkBu","ESP008","Original UK electrical with Pulseworks control system upgrades","ESP",,,,"CSC-California Science Center","CSC 2 Position 2",,,,"","",,"",0,"","","",false,,,,"02/23/2017 01:55 PM","",,"","CSC","","",,
"uBT9pkHRK3","ESP010","","ESP",,"ESP010","Projector (7.12.21): Epson PowerLite 1781W H794A 100-240V, 50-60Hz, 3.2-1.4A
Prokector Bulb: ELPLP 94","Pulseworks Shop","Position 1",,"maintenance@pulseworks.com",,"","",,"",0,"","","",false,,,,"02/24/2017 11:07 AM","Out of Service/Not at site",,"","","","",,
"WIiwUkMCHX","ESP012","Original UK electrical with Pulseworks control system upgrades","ESP",,,,"Pulseworks Warehouse","CSC 1",,,,"","",,"",0,"","","",false,,,,"02/23/2017 01:53 PM","",,"","","","",,
"KISjbUZ45j","ESP013","Refurbished in 2021 for SLSC.  Latest gen as of 2021.  With TV, compressor/pneumatic door, and marantz reciever.","ESP",,"ESP013",,"SLSC-St. Louis Science Center","Position 1",,,,"","10/20/2021",,"",,"","","",false,,,,"02/24/2017 09:44 AM","Operational",,"","SLSC","","",,
"fqy3BlXfNI","ESP014","","ESP",,"ESP014","","Pulseworks Warehouse"," ",,,,"","",,"",,"","","",,,,,"02/24/2017 11:07 AM","Out of Service/Not at site",,"","","","",,
"1uNG6xjiDh","ESP016",,"ESP",,,,"Pulseworks Warehouse","Position 2",,,,"","",,"",0,"","","",,,,,"02/24/2017 09:53 AM","Out of Service/Not at site",,"","","","",,
"iC6W7zLMwS","ESP017","US Version ESP rebuilt in 2020 for ARMY Museum.
Returned to Pulseworks Shop on 11/2025.","ESP","ESP017","ESP017",,"Pulseworks Shop","",,,"Assets","","",,"",0,"","","",false,,,,"02/24/2017 09:53 AM","",,"","","","",,
"B3dzP3ax7r","ESP018","","ESP",,"ESP018","Pneumatic Door","LSC-Liberty Science Center","",,"exhibitmaintenance@lsc.org",,"","",,"",0,"","","",,,,,"02/24/2017 11:07 AM","",,"","","","",,
"eTryjDXX5E","ESP020",,"ESP",,,,"Pulseworks Warehouse","Position 2",,,,"","",,"",,"","","",,,,,"02/24/2017 09:44 AM","Out of Service/Not at site",,"","","","",,
"FDXZFBFB0A","ESP024","Full overhaul and modernization in 2019
Upgraded Air compressor and Air conditioning 2024
Windows 10 OS internal galil","ESP","ESP 024","ESP024",,"Patriots Point-Patriots Point Naval & Maritime Museum (FANA)",,,"patriotspoint@pulseworksops.com",,"12/31/2013","",,"",0,"","","",false,,,,"05/16/2019 02:17 PM","Out of Service/Not at site",,"","Patriots Point","","",,
"xqiFyXYcJq","ESP033","First Gen US version with Electric door (pre pneumatic system)
Returned to Pulseworks warehouse from COSI deinstallation in 2026.","ESP","ESP033","ESP033","","Pulseworks Warehouse","1",,,,"","",,"",0,"","","",false,,,,"02/24/2017 11:07 AM","",,"","","","",,
"GnGNyYLWH7","FANA-150 Galaxy","2000 Galaxy 12 Seat 6 axis hydraulic ridefilm simulator","Galaxy 12 seat 6DOF",,,,"Pulseworks Warehouse",,,,,"","",,"",0,"","","",,,,,"10/20/2020 02:31 PM","Out of Service/Not at site",,"","","","",,
"xDKzaC20RF","FANA-490 Galaxy","Galaxy 15 seat 3 axis hydraulic ridefilm simulator","Galaxy 15 seat 3DOF",,,,"Pulseworks Shop",,,,,"","",,"",0,"","","",false,,,,"10/20/2020 02:29 PM","Out of Service/Not at site",,"","","","",,
"On5Lvjo9Sk","FANA-509  Galaxy","1992 Galaxy 15 seat 3 axis hydraulic ridefilm simulator","Galaxy 15 seat 3DOF",,,"Needs 13x22x1 Air Filters - American Filtrations (361-882-9443)","LEX-USS Lexington Museum (FANA)",,,"atibbs@pulseworksops.com",,"","",,"",0,"","","",,,,,"10/20/2020 12:31 PM","",,"","LEX","","",,
"HGogOxYYT9","FANA-511 Galaxy","Galaxy Sim 15 seat 3 axis hydraulic ridefilm simulator","Galaxy 15 seat 3DOF",,,,"Pensacola-National Naval Aviation Museum (FANA)",,,,,"","",,"",0,"","","",,,,,"10/20/2020 12:38 PM","",,"","Pensacola","","",,
"IZwCbY3AVU","FANA-512 Galaxy","Galaxy 15 seat 3 axis hydraulic simulator","Galaxy 15 seat 3DOF",,,,"Hornet- USS Hornet Sea Air & Space Museum (FANA)",,,,,"","",,"",0,"","","",,,,,"10/20/2020 02:25 PM","",,"","HORNET","","",,
"oCnqLWr3HA","FANA-514 Predator","Predator 7 seat 3 axis hydraulic ridefilm simulator","Predator 7 seat 3DOF",,,,"Pulseworks Shop",,,,,"","",,"",0,"","","",,,,,"10/20/2020 02:32 PM","Out of Service/Not at site",,"","","","",,
"WyNDVo0MJv","FANA-521 Galaxy","Galaxy 15 seat 3 axis hydraulic ridefilm simulator","Galaxy 15 seat 3DOF",,,,"Pulseworks Warehouse",,,,,"","",,"",0,"","","",,,,,"10/20/2020 02:35 PM","Out of Service/Not at site",,"","","","",,
"omzDyIKZn0","FANA-534 Predator","Strech Predator 7 seat 6 axis hydraulic ridefilm simulator","Predator 7 seat 6DOF",,,,"Pulseworks Warehouse",,,,,"","",,"",0,"","","",,,,,"10/20/2020 02:33 PM","Out of Service/Not at site",,"","","","",,
"hGzl3U8J9b","FANA-90601 Galaxy","2000 Galaxy Sim 8 seat 3 axis hydraulic ridefilm simulator","Galaxy 8 seat 3DOF",,,"Projector: BenQ HT2150ST Projector bulb:","Alabama- USS Alabama Battleship (FANA)",,,,,"","",,"",0,"","","",false,,,,"10/20/2020 12:37 PM","",,"","USS Alabama","","",,
"IKzi4HYbWu","FANA-GAX3 Galaxy","2003 Galaxy 13 seat 6 axis hydraulic ridefilm simulator.
Decommissioned in 2025.","Galaxy 13 seat 6DOF",,,,,,,,,"","",,"",0,"","","",false,,,,"10/20/2020 02:27 PM","Operational",,"","","","",,
"icHnTSIRcr","FANA-PR001Barco Projector","Barco DP4K Digital Cinema Projector","FANA-PR Barco Projector",,,,"Intrepid - Intrepid Sea Air & Space Museum (FANA)",,,,,"","",,"",0,"","","",,,,,"10/21/2020 02:19 PM","",,"","INTREPID","","",,
"EvpvfG8wY0","FANA-TT001","Triotech XD theater 14 seats, 2 Panasonic PT-DW6300 Dual Lamp Projectors (ET-LAD60W from Pureland Supply), Panasonic ET-ACF100 Replacement Filter, B1 Control Box (Part # SD-450-0018), AC10 Actuator (Complete  - Part # SD-1000-0001-AC10-SHORT)","FANA-Triotech",,,,"Intrepid - Intrepid Sea Air & Space Museum (FANA)",,,,,"","",,"",0,"","","",false,,,,"10/21/2020 02:17 PM","",,"","INTREPID","","",,
"bYnPMqco7J","Field-Mat VR","Field-Mat VR single rack with 9 quest 3s in the rack. Diameter of mat is 10 ft. Headsets need 10 ft DITO version. 

Field has 13 ft in storage as well. Headsets are not loaded. 

Router: TP-Link Archer AX3000 Pro","Mat VR 10 feet","MT002","MT002",,"FMNH-Field Museum of Natural History",,,,"Assets","","",,"",,"","","",,,,,"07/07/2026 08:35 AM","Operational",,"","","","",,
"6cABLl53Cb","Headset DP VR E4C001","Headset Type: E4C
Make: DP VR
Tech: Hugo
Date:12/20/24
Comments: New Headset","E4C","E4C001",,,"Pulseworks Shop",,,,"Assets","","",,"",,"","","",false,,,,"03/19/2025 10:00 AM","Operational",,"","","","",,
"Z5EXx0vuHW","Headset DP VR E4C002","Headset Type: E4C
Make: DP VR
Tech: Hugo
Date:12/20/24
Comments: New Headset","E4C","E4C002",,,"Pulseworks Shop",,,,"Assets","","",,"",,"","","",false,,,,"03/19/2025 10:01 AM","Operational",,"","","","",,
"xUKQEjnZsh","Headset DP VR E4C003","Headset Type: E4C
Make: DP VR
Tech: Billy / Andre
Date:4/25/25
Comments: New Headset","E4C","E4C003",,,"Pulseworks Shop",,,,"Assets","","",,"",,"","","",false,,,,"04/29/2025 06:25 AM","Operational",,"","","","",,
"mA0G9Y3yzb","Headset DP VR E4C004","Headset Type: E4C
Make: DP VR
Tech: Billy / Andre
Date:4/25/25
Comments: New Headset","E4C","E4C004",,,"Intrepid - Intrepid Sea Air & Space Museum (FANA)",,,,"Assets","","",,"",,"","","",,,,,"04/29/2025 06:25 AM","Operational",,"","","","",,
"OSohLXSAs4","Headset DP VR E4C005","Headset Type: E4C
Make: DP VR
Tech: Billy / Andre
Date:4/25/25
Comments: New Headset","E4C","E4C005",,,"SCH-Space Center Houston",,,,"Assets","","",,"",,"","","",false,,,,"04/29/2025 06:25 AM","Operational",,"","","","",,
"HJfeuk9hh2","Headset DP VR E4C006","Headset Type: E4C
Make: DP VR
Tech: Billy / Andre
Date:4/25/25
Comments: New Headset","E4C","E4C006",,,"Pulseworks Shop",,,,"Assets","","",,"",,"","","",false,,,,"04/29/2025 06:25 AM","Operational",,"","","","",,
"DxMTNSbNVj","Headset DP VR E4C007","Headset Type: E4C
Make: DP VR
Tech: Billy / Andre
Date:4/25/25
Comments: New Headset","E4C","E4C007",,,"Intrepid - Intrepid Sea Air & Space Museum (FANA)",,,,"Assets","","",,"",,"","","",,,,,"04/29/2025 06:25 AM","Operational",,"","","","",,
"13V7hPoB3e","Headset DP VR E4C008","Headset Type: E4C
Make: DP VR
Tech: Billy / Andre
Date:4/25/25
Comments: New Headset","E4C","E4C008",,,"Intrepid - Intrepid Sea Air & Space Museum (FANA)",,,,"Assets","","",,"",,"","","",,,,,"04/29/2025 06:25 AM","Operational",,"","","","",,
"R4hNQuoxA3","Headset DP VR E4C009","Headset Type: E4C
Make: DP VR
Tech: Billy / Andre
Date:4/25/25
Comments: New Headset","E4C","E4C009",,,"Intrepid - Intrepid Sea Air & Space Museum (FANA)",,,,"Assets","","",,"",,"","","",,,,,"04/29/2025 06:25 AM","Operational",,"","","","",,
"kMec2rParQ","Headset DP VR E4C010","Headset Type: E4C
Make: DP VR
Tech: Billy / Andre
Date:4/25/25
Comments: New Headset","E4C","E4C0010",,,"Intrepid - Intrepid Sea Air & Space Museum (FANA)",,,,"Assets","","",,"",,"","","",,,,,"04/29/2025 06:25 AM","Operational",,"","","","",,
"ALtwmVMhOo","Headset DP VR E4C011","Headset Type: E4C
Make: DP VR
Tech: Billy / Andre
Date:4/25/25
Comments: New Headset","E4C","E4C011",,,"Intrepid - Intrepid Sea Air & Space Museum (FANA)",,,,"Assets","","",,"",,"","","",,,,,"04/29/2025 06:25 AM","Operational",,"","","","",,
"xuGDA4Tqsp","Headset DP VR E4C012","Headset Type: E4C
Make: DP VR
Tech: Billy / Andre
Date:4/25/25
Comments: New Headset","E4C","E4C012",,,"Intrepid - Intrepid Sea Air & Space Museum (FANA)",,,,"Assets","","",,"",,"","","",,,,,"04/29/2025 06:25 AM","Operational",,"","","","",,
"4oBBa7yoHe","Headset DP VR E4C013","Headset Type: E4C
Make: DP VR
Tech: Billy / Andre
Date:4/25/25
Comments: New Headset","E4C","E4C0013",,,"Intrepid - Intrepid Sea Air & Space Museum (FANA)",,,,"Assets","","",,"",,"","","",,,,,"04/29/2025 06:25 AM","Operational",,"","","","",,
"8zgbPaEsGj","Headset DP VR E4C014","Headset Type: E4C
Make: DP VR
Tech: Billy / Andre
Date:4/25/25
Comments: New Headset","E4C","E4C0014",,,"Intrepid - Intrepid Sea Air & Space Museum (FANA)",,,,"Assets","","",,"",,"","","",,,,,"04/29/2025 06:25 AM","Operational",,"","","","",,
"kNjRaxEPN7","Headset DP VR E4C015","Headset Type: E4C
Make: DP VR
Tech: Billy / Andre
Date:4/25/25
Comments: New Headset","E4C","E4C015",,,"Intrepid - Intrepid Sea Air & Space Museum (FANA)",,,,"Assets","","",,"",,"","","",,,,,"04/29/2025 06:25 AM","Operational",,"","","","",,
"ihbQ5JdtH3","Headset DP VR E4C016","Headset Type: E4C
Make: DP VR
Tech: Billy / Andre
Date:4/25/25
Comments: New Headset","E4C","E4C016",,,"Intrepid - Intrepid Sea Air & Space Museum (FANA)",,,,"Assets","","",,"",,"","","",,,,,"04/29/2025 06:25 AM","Operational",,"","","","",,
"MqtrHEzfDQ","Headset DP VR E4C017","Headset Type: E4C
Make: DP VR
Tech: Billy / Andre
Date:4/25/25
Comments: New Headset","E4C","E4C0017",,,"Intrepid - Intrepid Sea Air & Space Museum (FANA)",,,,"Assets","","",,"",,"","","",,,,,"04/29/2025 06:25 AM","Operational",,"","","","",,
"nPan0j6uDS","Headset DP VR E4C018","Headset Type: E4C
Make: DP VR
Tech: Billy / Andre
Date:4/25/25
Comments: New Headset","E4C","E4C018",,,"Pulseworks Shop",,,,"Assets","","",,"",,"","","",false,,,,"04/29/2025 06:25 AM","Operational",,"","","","",,
"swYeEPBSYM","Headset DP VR E4C019","Headset Type: E4C
Make: DP VR
Tech: Billy / Andre
Date:4/25/25
Comments: New Headset","E4C","E4C019",,,"Pulseworks Shop",,,,"Assets","","",,"",,"","","",false,,,,"04/29/2025 06:25 AM","Operational",,"","","","",,
"titcmpq2Hl","Headset DP VR E4C020","Headset Type: E4C
Make: DP VR
Tech: Billy / Andre
Date:4/25/25
Comments: New Headset","E4C","E4C020",,,"Pulseworks Shop",,,,"Assets","","",,"",,"","","",false,,,,"04/29/2025 06:25 AM","Operational",,"","","","",,
"KQWdFRdQRN","Headset DP VR E4C021","Headset Type: E4C
Make: DP VR
Tech: Billy / Andre
Date:4/25/25
Comments: New Headset","E4C","E4C021",,,"Pulseworks Shop",,,,"Assets","","",,"",,"","","",false,,,,"04/29/2025 06:25 AM","Operational",,"","","","",,
"67nobJHiim","Headset DP VR E4C022","Headset Type: E4C
Make: DP VR
Tech: Billy / Andre
Date:4/25/25
Comments: New Headset","E4C","E4C022",,,"Pulseworks Shop",,,,"Assets","","",,"",,"","","",false,,,,"04/29/2025 06:25 AM","Operational",,"","","","",,
"dszPIsWhOV","Headset DP VR E4C023","Headset Type: E4C
Make: DP VR
Tech: Billy / Andre
Date:4/25/25
Comments: New Headset","E4C","E4C023","","","SCH-Space Center Houston","",,,"Assets","","",,"",,"","","",false,,"","","04/29/2025 06:25 AM","Operational",,"","","","",,
"ejNXtdY05g","Headset DP VR E4C024","Headset Type: E4C
Make: DP VR
Tech: Billy / Andre
Date:4/25/25
Comments: New Headset","E4C","E4C024","","","Midway - USS Midway Museum (FANA)","",,,"Assets","","",,"",,"","","",false,,"","","04/29/2025 06:25 AM","Operational",,"","","","",,
"SDnuSbRBw3","Headset DP VR E4C025","Headset Type: E4C
Make: DP VR
Tech: Billy / Andre
Date:4/25/25
Comments: New Headset","E4C","E4C025",,,"Pulseworks Shop",,,,"Assets","","",,"",,"","","",,,,,"04/29/2025 06:25 AM","Operational",,"","","","",,
"yBtDWI0w4Z","Headset DP VR E4C026","Headset Type: E4C
Make: DP VR
Tech: Billy / Andre
Date:4/25/25
Comments: New Headset","E4C","E4C026",,,"Intrepid - Intrepid Sea Air & Space Museum (FANA)",,,,"Assets","","",,"",,"","","",false,,,,"04/29/2025 06:25 AM","Operational",,"","","","",,
"ZXiKfx3LuT","Headset DP VR E4C027","Headset Type: E4C
Make: DP VR
Tech: Billy / Andre
Date:4/25/25
Comments: New Headset","E4C","E4C027",,,"Patriots Point-Patriots Point Naval & Maritime Museum (FANA)",,,,"Assets","","",,"",,"","","",false,,,,"04/29/2025 06:25 AM","Operational",,"","","","",,
"vomNTMyreC","Headset DP VR E4C028","Headset Type: E4C
Make: DP VR
Tech: Billy / Andre
Date:4/25/25
Comments: New Headset","E4C","E4C028",,,"SCH-Space Center Houston",,,,"Assets","","",,"",,"","","",false,,,,"04/29/2025 06:25 AM","Operational",,"","","","",,
"UGuoAcv4Qc","Headset DP VR E4C029","Headset Type: E4C
Make: DP VR
Tech: Billy / Andre
Date:4/25/25
Comments: New Headset","E4C","E4C029",,,"Patriots Point-Patriots Point Naval & Maritime Museum (FANA)",,,,"Assets","","",,"",,"","","",false,,,,"04/29/2025 06:25 AM","Operational",,"","","","",,
"t7sdCBTFXg","Headset DP VR E4C030","Headset Type: E4C
Make: DP VR
Tech: Billy / Andre
Date:4/25/25
Comments: New Headset","E4C","E4C030",,,"Pulseworks Shop",,,,"Assets","","",,"",,"","","",false,,,,"04/29/2025 06:25 AM","Operational",,"","","","",,
"Ekc95hSnQD","Headset DP VR E4C031","Headset Type: E4C
Make: DP VR
Tech: Andre
Date:5/5/25
Comments: New Headset
","DP VR E4C","E4C031",,,"Pulseworks Shop",,,,"Assets","","",,"",,"","","",false,,,,"06/24/2025 02:29 PM","Operational",,"","","","",,
"JeROjKB5pG","Headset DP VR E4C032","Headset Type: E4C
Make: DP VR
Tech:
Date:
Comments: New Headset
","DP VR E4C","E4C032",,,"Pulseworks Shop",,,,"Assets","","",,"",,"","","",false,,,,"06/03/2025 10:47 AM","Operational",,"","","","",,
"wTfx5JPdv0","Headset DP VR E4C033","Headset Type: E4C
Make: DP VR
Tech: 
Date:
Comments: New Headset
","DP VR E4C","E4C033",,,"Pulseworks Shop",,,,"Assets","","",,"",,"","","",false,,,,"06/03/2025 10:48 AM","Operational",,"","","","",,
"NYy5wGFSHS","Headset DP VR E4C034","Headset Type: E4C
Make: DP VR
Tech: Henry
Date:6/24/25
Comments: New Headset","DP VR E4C","E4C034",,,"Pulseworks Shop",,,,"Assets","","",,"",,"","","",,,,,"06/25/2025 09:13 AM","Operational",,"","","","",,
"Rr9RziKoyD","Headset DP VR E4C035","Headset Type: HP Reverb G2
Make: HP
Tech: Ethen/Miheer
Date:4/25/25
Comments: Used Headset","DP VR E4C","E4C035",,,"Intrepid - Intrepid Sea Air & Space Museum (FANA)",,,,"Assets","","",,"",,"","","",false,,,,"06/25/2025 09:13 AM","Operational",,"","","","",,
"vy6f26aKCi","Headset DP VR E4C036","Headset Type: HP Reverb G2
Make: HP
Tech: Ethen/Miheer
Date:4/25/25
Comments: Used Headset","DP VR E4C","E4C036",,,"USSRC-U.S. Space and Rocket Center",,,,"Assets","","",,"",,"","","",false,,,,"06/25/2025 09:13 AM","Operational",,"","","","",,
"RzCvkhWxP2","Headset DP VR E4C037","Headset Type: HP Reverb G2
Make: HP
Tech: Ethen/Miheer
Date:4/25/25
Comments: Used Headset","DP VR E4C","E4C037",,,"Pulseworks Shop",,,,"Assets","","",,"",,"","","",false,,,,"06/25/2025 09:13 AM","Operational",,"","","","",,
"tjXS6TeGh1","Headset DP VR E4C038","Headset Type: HP Reverb G2
Make: HP
Tech: Ethen/Miheer
Date:4/25/25
Comments: Used Headset","DP VR E4C","E4C038",,,"Pulseworks Shop",,,,"Assets","","",,"",,"","","",,,,,"06/25/2025 09:13 AM","Operational",,"","","","",,
"mFVU9VupVo","Headset DP VR E4C039","Headset Type: HP Reverb G2
Make: HP
Tech: Ethen/Miheer
Date:4/25/25
Comments: Used Headset","DP VR E4C","E4C039",,,"Pulseworks Shop",,,,"Assets","","",,"",,"","","",,,,,"06/25/2025 09:13 AM","Operational",,"","","","",,
"bOeOuMbZc0","Headset DP VR E4C040","Headset Type: HP Reverb G2
Make: HP
Tech: Ethen/Miheer
Date:4/25/25
Comments: Used Headset","DP VR E4C","E4C040",,,"Pulseworks Shop",,,,"Assets","","",,"",,"","","",,,,,"06/25/2025 09:13 AM","Operational",,"","","","",,
"DquJjpeE03","Headset DP VR E4C041","Headset Type: HP Reverb G2
Make: HP
Tech: Ethen/Miheer
Date:4/25/25
Comments: Used Headset","DP VR E4C","E4C041",,,"Pulseworks Shop",,,,"Assets","","",,"",,"","","",false,,,,"06/25/2025 09:13 AM","Operational",,"","","","",,
"WRJ8WAiBIX","Headset DP VR E4C042","Headset Type: HP Reverb G2
Make: HP
Tech: Ethen/Miheer
Date:4/25/25
Comments: Used Headset","DP VR E4C","E4C042",,,"Pulseworks Shop",,,,"Assets","","",,"",,"","","",,,,,"06/25/2025 09:13 AM","Operational",,"","","","",,
"HwErSBkxXS","Headset DP VR E4C043","Headset Type: HP Reverb G2
Make: HP
Tech: Ethen/Miheer
Date:4/25/25
Comments: Used Headset","DP VR E4C","E4C043",,,"Pulseworks Shop",,,,"Assets","","",,"",,"","","",,,,,"06/25/2025 09:13 AM","Operational",,"","","","",,
"13AAyBL9Xm","Headset DP VR E4C044","Headset Type: HP Reverb G2
Make: HP
Tech: Ethen/Miheer
Date:4/25/25
Comments: Used Headset","DP VR E4C","E4C044",,,"Pulseworks Shop",,,,"Assets","","",,"",,"","","",,,,,"06/25/2025 09:13 AM","Operational",,"","","","",,
"fYNt9SiZDe","Headset DP VR E4C045","Headset Type: HP Reverb G2
Make: HP
Tech: Ethen/Miheer
Date:4/25/25
Comments: Used Headset","DP VR E4C","E4C045",,,"Pulseworks Shop",,,,"Assets","","",,"",,"","","",,,,,"06/25/2025 09:13 AM","Operational",,"","","","",,
"PyzfQ3hYCy","Headset DP VR E4C046","Headset Type: HP Reverb G2
Make: HP
Tech: Ethen/Miheer
Date:4/25/25
Comments: Used Headset","DP VR E4C","E4C046",,,"Pulseworks Shop",,,,"Assets","","",,"",,"","","",,,,,"06/25/2025 09:13 AM","Operational",,"","","","",,
"bnMqSTx0Zx","Headset DP VR E4C047","Headset Type: HP Reverb G2
Make: HP
Tech: Ethen/Miheer
Date:4/25/25
Comments: Used Headset","DP VR E4C","E4C047",,,"Pulseworks Shop",,,,"Assets","","",,"",,"","","",,,,,"06/25/2025 09:13 AM","Operational",,"","","","",,
"jXoqaBptLP","Headset DP VR E4C048","Headset Type: E4C
Make: DP VR
Tech: Henry
Date:6/24/25
Comments: New Headset","DP VR E4C","E4C048",,,"Intrepid - Intrepid Sea Air & Space Museum (FANA)",,,,"Assets","","",,"",,"","","",false,,,,"07/02/2025 11:46 AM","Operational",,"","","","",,
"jGHoBx7AZo","Headset DP VR E4C049","Headset Type: HP Reverb G2
Make: HP
Tech: Ethen/Miheer
Date:4/25/25
Comments: Used Headset","DP VR E4C","E4C049",,,"Pulseworks Shop",,,,"Assets","","",,"",,"","","",,,,,"07/02/2025 11:46 AM","Operational",,"","","","",,
"egeh4b2g6j","Headset DP VR E4C050","Headset Type: HP Reverb G2
Make: HP
Tech: Ethen/Miheer
Date:4/25/25
Comments: Used Headset","DP VR E4C","E4C050","","","Patriots Point-Patriots Point Naval & Maritime Museum (FANA)","",,,"Assets","","",,"",,"","","",false,,"","","07/02/2025 11:46 AM","Operational",,"","","","",,
"oTXHku49dp","Headset DP VR E4C051","Headset Type: HP Reverb G2 Make: HP Tech: Ethen/Miheer Date:4/25/25 Comments: Used Headset","DP VR E4C","E4C051","","","USAFM-National Museum of the United States Air Force","",,,"Assets","","",,"",,"","","",false,,"","","07/02/2025 11:46 AM","Operational",,"","","","",,
"6VQ2NSuj7s","Headset DP VR E4C052","Headset Type: HP Reverb G2
Make: HP
Tech: Ethen/Miheer
Date:4/25/25
Comments: Used Headset","DP VR E4C","E4C052",,,"Pulseworks Shop",,,,"Assets","","",,"",,"","","",,,,,"07/02/2025 11:46 AM","Operational",,"","","","",,
"x8nDRvzM4d","Headset DP VR E4C053","Headset Type: E4C
Make: DP VR
Tech: Henry
Date:7/1/25
Comments: New Headset","DP VR E4C","E4C053","","","SCH-Space Center Houston","",,,"Assets","","",,"",,"","","",false,,"","","07/07/2025 07:51 AM","Operational",,"","","","",,
"JZ6rEM4mAF","Headset DP VR E4C054","Headset Type: E4C
Make: DP VR
Tech: Henry
Date:7/1/25
Comments: New Headset","DP VR E4C","E4C054",,,"Midway - USS Midway Museum (FANA)",,,,"Assets","","",,"",,"","","",false,,,,"07/07/2025 07:51 AM","Operational",,"","","","",,
"3gofu8vStY","Headset DP VR E4C055","Headset Type: E4C
Make: DP VR
Tech: Henry
Date:7/1/25
Comments: New Headset","DP VR E4C","E4C055",,,"Pulseworks Shop",,,,"Assets","","",,"",,"","","",false,,,,"07/07/2025 07:51 AM","Operational",,"","","","",,
"YcYvDaVCGT","Headset DP VR E4C056","Headset Type: E4C
Make: DP VR
Tech: Henry
Date:7/1/25
Comments: New Headset","DP VR E4C","E4C056",,,"Great Lakes Science Center",,,,"Assets","","",,"",,"","","",false,,,,"07/07/2025 07:51 AM","Operational",,"","","","",,
"Urn3RHqVCC","Headset DP VR E4C057","Headset Type: E4C
Make: DP VR
Tech: Henry
Date:7/1/25
Comments: New Headset","DP VR E4C","E4C057",,,"Great Lakes Science Center",,,,"Assets","","",,"",,"","","",false,,,,"07/07/2025 07:51 AM","Operational",,"","","","",,
"v7BkPFOuwA","Headset DP VR E4C058","Headset Type: E4C
Make: DP VR
Tech: Henry
Date:7/1/25
Comments: New Headset","DP VR E4C","E4C058",,,"Great Lakes Science Center",,,,"Assets","","",,"",,"","","",false,,,,"07/07/2025 07:51 AM","Operational",,"","","","",,
"vFiyqdQ9kX","Headset DP VR E4C059","Headset Type: E4C
Make: DP VR
Tech: Henry
Date:7/1/25
Comments: New Headset","DP VR E4C","E4C059",,,"Great Lakes Science Center",,,,"Assets","","",,"",,"","","",false,,,,"07/07/2025 07:51 AM","Operational",,"","","","",,
"REjKmEy6ez","Headset DP VR E4C060","Headset Type: E4C
Make: DP VR
Tech: Henry
Date:7/1/25
Comments: New Headset","DP VR E4C","E4C060",,"","Great Lakes Science Center",,,,"Assets","","",,"",,"","","",false,,"","","07/07/2025 07:51 AM","Operational",,"","","","",,
"zH9CDfdOe1","Headset DP VR E4C061","Headset Type: E4C
Make: DP VR
Tech: Henry
Date:7/1/25
Comments: New Headset","DP VR E4C","E4C061",,,"Pulseworks Shop",,,,"Assets","","",,"",,"","","",,,,,"07/07/2025 07:51 AM","Operational",,"","","","",,
"zSaNGOsvFz","Headset DP VR E4C062","Headset Type: E4C
Make: DP VR
Tech: Henry
Date:8/21/25
Comments: New Headset","DP VR E4C","E4C062",,,"Intrepid - Intrepid Sea Air & Space Museum (FANA)",,,,"Assets","","",,"",,"","","",false,,,,"08/22/2025 10:53 AM","Operational",,"","","","",,
"CaX5dUHF5d","Headset DP VR E4C063","Headset Type: E4C
Make: DP VR
Tech: Henry
Date:8/21/25
Comments: New Headset","DP VR E4C","E4C063",,,"Pulseworks Shop",,,,"Assets","","",,"",,"","","",false,,,,"08/22/2025 10:53 AM","Operational",,"","","","",,
"KpgIcRHwmp","Headset DP VR E4C064","Headset Type: E4C
Make: DP VR
Tech: Henry
Date:8/21/25
Comments: New Headset","DP VR E4C","E4C064",,,"Intrepid - Intrepid Sea Air & Space Museum (FANA)",,,,"Assets","","",,"",,"","","",false,,,,"08/22/2025 10:53 AM","Operational",,"","","","",,
"fJ4CKP7px5","Headset DP VR E4C065","Headset Type: E4C
Make: DP VR
Tech: Henry
Date:8/21/25
Comments: New Headset","DP VR E4C","E4C065",,,"Midway - USS Midway Museum (FANA)",,,,"Assets","","",,"",,"","","",false,,,,"08/22/2025 10:53 AM","Operational",,"","","","",,
"t6bxCp75Za","Headset DP VR E4C066","Headset Type: E4C
Make: DP VR
Tech: Henry
Date:8/21/25
Comments: New Headset","DP VR E4C","E4C066",,,"Pulseworks Shop",,,,"Assets","","",,"",,"","","",false,,,,"08/22/2025 10:53 AM","Operational",,"","","","",,
"bWz9h2iTqz","Headset DP VR E4C067","Headset Type: E4C
Make: DP VR
Tech: Henry
Date:8/21/25
Comments: New Headset","DP VR E4C","E4C067",,,"Pulseworks Shop",,,,"Assets","","",,"",,"","","",false,,,,"08/22/2025 10:53 AM","Operational",,"","","","",,
"QdDOUPV3WQ","Headset DP VR E4C068","Headset Type: E4C
Make: DP VR
Tech: Henry
Date:8/21/25
Comments: New Headset","DP VR E4C","E4C068",,,"Pulseworks Shop",,,,"Assets","","",,"",,"","","",false,,,,"08/22/2025 10:53 AM","Operational",,"","","","",,
"3AOfHArSyD","Headset DP VR E4C069","Headset Type: E4C
Make: DP VR
Tech: Henry
Date:8/21/25
Comments: New Headset","DP VR E4C","E4C069",,,"Pulseworks Shop",,,,"Assets","","",,"",,"","","",false,,,,"08/22/2025 10:53 AM","Operational",,"","","","",,
"0jmlDjE4fB","Headset DP VR E4C070","Headset Type: E4C
Make: DP VR
Tech: Henry
Date:8/21/25
Comments: New Headset","DP VR E4C","E4C070",,,"Pulseworks Shop",,,,"Assets","","",,"",,"","","",false,,,,"08/22/2025 10:53 AM","Operational",,"","","","",,
"gyKiaH7ZDt","Headset DP VR E4C071","Headset Type: E4C
Make: DP VR
Tech: Henry
Date:8/21/25
Comments: New Headset","DP VR E4C","E4C071",,,"USAFM-National Museum of the United States Air Force",,,,"Assets","","",,"",,"","","",false,,,,"08/22/2025 01:36 PM","Operational",,"","","","",,
"KGVPMWG2AM","Headset DP VR E4C072","Headset Type: E4C Make: DP VR Tech: Henry Date:8/21/25 Comments: New Headset","DP VR E4C","E4C072","","","Pulseworks Shop","",,,"Assets","","",,"",,"","","",false,,"","","08/22/2025 01:36 PM","Operational",,"","","","",,
"5jGpXVcJRt","Headset DP VR E4C073","Headset Type: E4C Make: DP VR Tech: Henry Date:8/21/25 Comments: New Headset","DP VR E4C","E4C073","","","Midway - USS Midway Museum (FANA)","",,,"Assets","","",,"",,"","","",false,,"","","08/22/2025 01:36 PM","Operational",,"","","","",,
"b95ZeTUQrE","Headset DP VR E4C074","Headset Type: E4C Make: DP VR Tech: Henry Date:8/21/25 Comments: New Headset","DP VR E4C","E4C074","","","USAFM-National Museum of the United States Air Force","",,,"Assets","","",,"",,"","","",false,,"","","08/22/2025 01:36 PM","Operational",,"","","","",,
"jms3gdzRt3","Headset DP VR E4C075","Headset Type: E4C Make: DP VR Tech: Henry Date:8/21/25 Comments: New Headset","DP VR E4C","E4C075","","","HAZY-Steven F. Udvar-Hazy Center","",,,"Assets","","",,"",,"","","",false,,"","","08/22/2025 01:36 PM","Operational",,"","","","",,
"PzCQoLgaBj","Headset DP VR E4C076","Headset Type: E4C Make: DP VR Tech: Henry Date:8/21/25 Comments: New Headset","DP VR E4C","E4C076","","","HAZY-Steven F. Udvar-Hazy Center","",,,"Assets","","",,"",,"","","",false,,"","","08/22/2025 01:36 PM","Operational",,"","","","",,
"TR0wVVDqcF","Headset DP VR E4C077","Headset Type: E4C Make: DP VR Tech: Henry Date:9/29/25 Comments: New Headset","DP VR E4C","E4C077","","","USAFM-National Museum of the United States Air Force","",,,"Assets","","",,"",,"","","",false,,"","","09/29/2025 07:27 AM","Operational",,"","","","",,
"LQh0XPxORZ","Headset DP VR E4C078","Headset Type: E4C
Make: DP VR
Tech: Henry
Date:9/29/25
Comments: New Headset","DP VR E4C","E4C078",,,"Pulseworks Shop",,,,"Assets","","",,"",,"","","",,,,,"09/29/2025 07:27 AM","Operational",,"","","","",,
"xBbwoFKlxc","Headset DP VR E4C079","Headset Type: E4C
Make: DP VR
Tech: Henry
Date:9/29/25
Comments: New Headset","DP VR E4C","E4C079",,,"Pulseworks Shop",,,,"Assets","","",,"",,"","","",false,,,,"09/29/2025 07:27 AM","Operational",,"","","","",,
"y2dmvB4AQ1","Headset DP VR E4C080","Headset Type: E4C
Make: DP VR
Tech: Henry
Date:9/29/25
Comments: New Headset","DP VR E4C","E4C080",,,"Pulseworks Shop",,,,"Assets","","",,"",,"","","",false,,,,"09/29/2025 07:27 AM","Operational",,"","","","",,
"81xHExL4h9","Headset DP VR E4C081","Headset Type: E4C
Make: DP VR
Tech: Henry
Date:9/29/25
Comments: New Headset","DP VR E4C","E4C081",,,"Pulseworks Shop",,,,"Assets","","",,"",,"","","",false,,,,"09/29/2025 07:27 AM","Operational",,"","","","",,
"dCsjGcTGBt","Headset DP VR E4C082","Headset Type: E4C
Make: DP VR
Tech: Henry
Date:9/29/25
Comments: New Headset","DP VR E4C","E4C082",,,"HAZY-Steven F. Udvar-Hazy Center",,,,"Assets","","",,"",,"","","",false,,,,"09/29/2025 07:27 AM","Operational",,"","","","",,
"1RGMcSzRMj","Headset DP VR E4C083","Headset Type: E4C
Make: DP VR
Tech: Henry
Date:9/29/25
Comments: New Headset","DP VR E4C","E4C083",,,"Pulseworks Shop",,,,"Assets","","",,"",,"","","",false,,,,"09/29/2025 07:27 AM","Operational",,"","","","",,
"5C9UgKPnbA","Headset DP VR E4C084","Headset Type: E4C
Make: DP VR
Tech: Henry
Date:9/29/25
Comments: New Headset","DP VR E4C","E4C084",,,"HAZY-Steven F. Udvar-Hazy Center",,,,"Assets","","",,"",,"","","",false,,,,"09/29/2025 07:27 AM","Operational",,"","","","",,
"kj9ng22hqV","Headset DP VR E4C085","Headset Type: E4C
Make: DP VR
Tech: Henry
Date:9/29/25
Comments: New Headset","DP VR E4C","E4C085",,,"Midway - USS Midway Museum (FANA)",,,,"Assets","","",,"",,"","","",false,,,,"09/29/2025 07:27 AM","Operational",,"","","","",,
"kqpoffYbtg","Headset DP VR E4C086","Headset Type: E4C
Make: DP VR
Tech: Henry
Date:9/29/25
Comments: New Headset","DP VR E4C","E4C086",,,"Pulseworks Shop",,,,"Assets","","",,"",,"","","",,,,,"09/29/2025 07:27 AM","Operational",,"","","","",,
"HPDIGKRJai","Headset DP VR E4C087","Headset Type: E4C
Make: DP VR
Tech: Henry
Date:9/29/25
Comments: New Headset","DP VR E4C","E4C087",,,"Pulseworks Shop",,,,"Assets","","",,"",,"","","",,,,,"09/29/2025 07:27 AM","Operational",,"","","","",,
"4BHQsOQoYV","Headset DP VR E4C088","Headset Type: E4C
Make: DP VR
Tech: Henry
Date:9/29/25
Comments: New Headset","DP VR E4C","E4C088",,,"USAFM-National Museum of the United States Air Force",,,,"Assets","","",,"",,"","","",false,,,,"09/29/2025 07:27 AM","Operational",,"","","","",,
"y7TWzVbVSP","Headset DP VR E4C089","Headset Type: E4C
Make: DP VR
Tech: Henry
Date:9/29/25
Comments: New Headset","DP VR E4C","E4C089",,,"USSRC-U.S. Space and Rocket Center",,,,"Assets","","",,"",,"","","",false,,,,"09/29/2025 07:27 AM","Operational",,"","","","",,
"bQDkMQR5vS","Headset DP VR E4C090","Headset Type: E4C
Make: DP VR
Tech: Henry
Date:9/29/25
Comments: New Headset","DP VR E4C","E4C090",,,"Midway - USS Midway Museum (FANA)",,,,"Assets","","",,"",,"","","",false,,,,"09/29/2025 07:27 AM","Operational",,"","","","",,
"13NPu3qynQ","Headset DP VR E4C091","Headset Type: E4C
Make: DP VR
Tech: Henry
Date:9/29/25
Comments: New Headset","DP VR E4C","E4C091",,,"Midway - USS Midway Museum (FANA)",,,,"Assets","","",,"",,"","","",false,,,,"09/29/2025 07:27 AM","Operational",,"","","","",,
"dQBTqtGnAY","Headset DP VR E4C092","Headset Type: E4C
Make: DP VR
Tech: Henry
Date:9/29/25
Comments: New Headset","DP VR E4C","E4C092",,,"USSRC-U.S. Space and Rocket Center",,,,"Assets","","",,"",,"","","",false,,,,"09/29/2025 07:27 AM","Operational",,"","","","",,
"UKy573I4w4","Headset DP VR E4C093","Headset Type: E4C
Make: DP VR
Tech: Henry
Date:9/29/25
Comments: New Headset","DP VR E4C","E4C093",,,"Pulseworks Shop",,,,"Assets","","",,"",,"","","",false,,,,"09/29/2025 07:27 AM","Operational",,"","","","",,
"1Bbf9dRnFj","Headset DP VR E4C094","Headset Type: E4C
Make: DP VR
Tech: Henry
Date:9/29/25
Comments: New Headset","DP VR E4C","E4C094",,,"Intrepid - Intrepid Sea Air & Space Museum (FANA)",,,,"Assets","","",,"",,"","","",false,,,,"09/29/2025 07:27 AM","Operational",,"","","","",,
"6nA6wyoz8R","Headset DP VR E4C095","Headset Type: E4C
Make: DP VR
Tech: Henry
Date:9/29/25
Comments: New Headset","DP VR E4C","E4C095",,,"Midway - USS Midway Museum (FANA)",,,,"Assets","","",,"",,"","","",false,,,,"09/29/2025 07:27 AM","Operational",,"","","","",,
"G0P43rNS4V","Headset DP VR E4C096","Headset Type: E4C
Make: DP VR
Tech: Henry
Date:9/29/25
Comments: New Headset","DP VR E4C","E4C096",,,"Pulseworks Shop",,,,"Assets","","",,"",,"","","",false,,,,"09/29/2025 07:27 AM","Operational",,"","","","",,
"54i4eMb07g","Headset DP VR E4C097","Headset Type: E4C
Make: DP VR
Tech: Henry
Date:9/29/25
Comments: New Headset","DP VR E4C","E4C097",,,"USSRC-U.S. Space and Rocket Center",,,,"Assets","","",,"",,"","","",false,,,,"09/29/2025 07:27 AM","Operational",,"","","","",,
"6D6dEcWloy","Headset DP VR E4C098","Headset Type: E4C
Make: DP VR
Tech: Henry
Date:9/29/25
Comments: New Headset","DP VR E4C","E4C098",,,"Pulseworks Shop",,,,"Assets","","",,"",,"","","",false,,,,"09/29/2025 07:27 AM","Operational",,"","","","",,
"X8xBTRSW8W","Headset DP VR E4C099","Headset Type: E4C
Make: DP VR
Tech: Henry
Date:9/29/25
Comments: New Headset","DP VR E4C","E4C099",,,"Pulseworks Shop",,,,"Assets","","",,"",,"","","",false,,,,"09/29/2025 07:27 AM","Operational",,"","","","",,
"zrUX5I76YU","Headset DP VR E4C100","Headset Type: E4C
Make: DP VR
Tech: Henry
Date:9/29/25
Comments: New Headset","DP VR E4C","E4C100",,,"Pulseworks Shop",,,,"Assets","","",,"",,"","","",false,,,,"09/29/2025 07:27 AM","Operational",,"","","","",,
"1ErE85eawa","Headset DP VR E4C101","Headset Type: E4C
Make: DP VR
Tech: Henry
Date:9/29/25
Comments: New Headset","DP VR E4C","E4C101",,,"Midway - USS Midway Museum (FANA)",,,,"Assets","","",,"",,"","","",false,,,,"09/29/2025 07:27 AM","Operational",,"","","","",,
"iISmTZEd6D","Headset DP VR E4C102","Headset Type: E4C
Make: DP VR
Tech: Henry
Date:9/29/25
Comments: New Headset","DP VR E4C","E4C102",,,"HAZY-Steven F. Udvar-Hazy Center",,,,"Assets","","",,"",,"","","",false,,,,"09/29/2025 07:27 AM","Operational",,"","","","",,
"wVTBmMwJ7h","Headset DP VR E4C103","Headset Type: E4C
Make: DP VR
Tech: Henry
Date:9/29/25
Comments: New Headset","DP VR E4C","E4C103",,,"SCH-Space Center Houston",,,,"Assets","","",,"",,"","","",false,,,,"09/29/2025 07:27 AM","Operational",,"","","","",,
"Kvu2TWwZY3","Headset DP VR E4C104","Headset Type: E4C
Make: DP VR
Tech: Henry
Date:9/29/25
Comments: New Headset","DP VR E4C","E4C104",,,"USAFM-National Museum of the United States Air Force",,,,"Assets","","",,"",,"","","",false,,,,"09/29/2025 07:27 AM","Operational",,"","","","",,
"ZkkaobYUTf","Headset DP VR E4C105","Headset Type: E4C
Make: DP VR
Tech: Henry
Date:9/29/25
Comments: New Headset","DP VR E4C","E4C105",,,"Patriots Point-Patriots Point Naval & Maritime Museum (FANA)",,,,"Assets","","",,"",,"","","",false,,,,"09/29/2025 07:27 AM","Operational",,"","","","",,
"Q0om48oXH4","Headset DP VR E4C106","Headset Type: E4C
Make: DP VR
Tech: Henry
Date:9/29/25
Comments: New Headset","DP VR E4C","E4C106",,,"Pulseworks Shop",,,,"Assets","","",,"",,"","","",,,,,"09/29/2025 07:27 AM","Operational",,"","","","",,
"GSS8RTHb8X","Headset DP VR E4C107","Headset Type: E4C
Make: DP VR
Tech: Henry
Date:9/29/25
Comments: New Headset","DP VR E4C","E4C107",,"","SCH-Space Center Houston",,,,"Assets","","",,"",,"","","",false,,"","","09/29/2025 07:27 AM","Operational",,"","","","",,
"Wcn4RovnXo","Headset DP VR E4C108","Headset Type: E4C
Make: DP VR
Tech: Henry
Date:9/29/25
Comments: New Headset","DP VR E4C","E4C108",,,"Midway - USS Midway Museum (FANA)",,,,"Assets","","",,"",,"","","",false,,,,"09/29/2025 07:27 AM","Operational",,"","","","",,
"KpF62jP1L5","Headset DP VR E4C109","Headset Type: E4C
Make: DP VR
Tech: Henry
Date:9/29/25
Comments: New Headset","DP VR E4C","E4C109",,,"Pulseworks Shop",,,,"Assets","","",,"",,"","","",false,,,,"09/29/2025 07:27 AM","Operational",,"","","","",,
"4Yshu4sBDZ","Headset DP VR E4C110","Headset Type: E4C
Make: DP VR
Tech: Henry
Date:9/29/25
Comments: New Headset","DP VR E4C","E4C110",,,"Pulseworks Shop",,,,"Assets","","",,"",,"","","",false,,,,"09/29/2025 07:27 AM","Operational",,"","","","",,
"da2WkpgGo2","Headset DP VR E4C111","Headset Type: E4C
Make: DP VR
Tech: Henry
Date:9/29/25
Comments: New Headset","DP VR E4C","E4C111",,,"Midway - USS Midway Museum (FANA)",,,,"Assets","","",,"",,"","","",false,,,,"09/29/2025 07:27 AM","Operational",,"","","","",,
"uXSZFzve8I","Headset DP VR E4C112","Headset Type: E4C
Make: DP VR
Tech: Henry
Date:9/29/25
Comments: New Headset","DP VR E4C","E4C112",,,"HAZY-Steven F. Udvar-Hazy Center",,,,"Assets","","",,"",,"","","",false,,,,"09/29/2025 07:27 AM","Operational",,"","","","",,
"zaibWFwi4A","Headset DP VR E4C113","Headset Type: E4C
Make: DP VR
Tech: Henry
Date:9/29/25
Comments: New Headset","DP VR E4C","E4C113",,,"USAFM-National Museum of the United States Air Force",,,,"Assets","","",,"",,"","","",false,,,,"09/29/2025 07:27 AM","Operational",,"","","","",,
"PZqr3pqwvF","Headset DP VR E4C114","Headset Type: E4C
Make: DP VR
Tech: Henry
Date:9/29/25
Comments: New Headset","DP VR E4C","E4C114",,,"Pulseworks Shop",,,,"Assets","","",,"",,"","","",false,,,,"09/29/2025 07:27 AM","Operational",,"","","","",,
"aCGmQHPrGw","Headset DP VR E4C115","Headset Type: E4C
Make: DP VR
Tech: Henry
Date:9/29/25
Comments: New Headset","DP VR E4C","E4C115",,,"Midway - USS Midway Museum (FANA)",,,,"Assets","","",,"",,"","","",false,,,,"09/29/2025 07:27 AM","Operational",,"","","","",,
"XCGIctPshC","Headset DP VR E4C116","Headset Type: E4C
Make: DP VR
Tech: Henry
Date:9/29/25
Comments: New Headset","DP VR E4C","E4C116",,,"USSRC-U.S. Space and Rocket Center",,,,"Assets","","",,"",,"","","",false,,,,"09/29/2025 07:27 AM","Operational",,"","","","",,
"BYWl7j9Z4v","Headset DP VR E4C117","Headset Type: E4C
Make: DP VR
Tech: Henry
Date:8/21/25
Comments: New Headset","DP VR E4C","E4C117","E4C117",,"Midway - USS Midway Museum (FANA)",,,,"Assets","","",,"",,"","","",false,,,,"10/14/2025 02:08 PM","Operational",,"","","","",,
"j74A00sz1P","Headset DP VR E4C118","Headset Type: E4C
Make: DP VR
Tech: Henry
Date:10/13/25
Comments: New Headset","DP VR E4C","E4C118","E4C118",,"Midway - USS Midway Museum (FANA)",,,,"Assets","","",,"",,"","","",false,,,,"10/14/2025 02:08 PM","Operational",,"","","","",,
"CGQqj8mmnf","Headset DP VR E4C119","Headset Type: E4C
Make: DP VR
Tech: Henry
Date:10/13/25
Comments: New Headset","DP VR E4C","E4C119","E4C119",,"USSRC-U.S. Space and Rocket Center",,,,"Assets","","",,"",,"","","",false,,,,"10/14/2025 02:08 PM","Operational",,"","","","",,
"X5wMAhakAp","Headset DP VR E4C120","Headset Type: E4C
Make: DP VR
Tech: Henry
Date:10/13/25
Comments: New Headset","DP VR E4C","E4C120","E4C120",,"Pulseworks Shop",,,,"Assets","","",,"",,"","","",false,,,,"10/14/2025 02:08 PM","Operational",,"","","","",,
"NiKJ14AYNe","Headset DP VR E4C121","Headset Type: E4C
Make: DP VR
Tech: Henry
Date:10/13/25
Comments: New Headset","DP VR E4C","E4C121","E4C121",,"USSRC-U.S. Space and Rocket Center",,,,"Assets","","",,"",,"","","",false,,,,"10/14/2025 02:08 PM","Operational",,"","","","",,
"tk5wdzFAxJ","Headset DP VR E4C122","Headset Type: E4C
Make: DP VR
Tech: Henry
Date:10/13/25
Comments: New Headset","DP VR E4C","E4C122","E4C122",,"Pulseworks Shop",,,,"Assets","","",,"",,"","","",false,,,,"10/14/2025 02:08 PM","Operational",,"","","","",,
"riX5M8bDWi","Headset DP VR E4C123","Headset Type: E4C
Make: DP VR
Tech: Henry
Date:8/21/25
Comments: New Headset","DP VR E4C","E4C123","E4C123",,"Midway - USS Midway Museum (FANA)",,,,"Assets","","",,"",,"","","",false,,,,"10/14/2025 02:08 PM","Operational",,"","","","",,
"c33JK1usj8","Headset DP VR E4C124","Headset Type: E4C
Make: DP VR
Tech: Henry
Date:10/13/25
Comments: New Headset","DP VR E4C","E4C124","E4C124","","Pulseworks Shop",,,,"Assets","","",,"",,"","","",false,,"","","10/14/2025 02:08 PM","Operational",,"","","","",,
"rFA2TH9CYE","Headset DP VR E4C124","Headset Type: E4C
Make: DP VR
Tech: Henry
Date:10/13/25
Comments: New Headset","DP VR E4C","E4C124","E4C124","","HAZY-Steven F. Udvar-Hazy Center",,,,"Assets","","",,"",,"","","",false,,"","","12/18/2025 04:19 PM","Operational",,"","","","",,
"7ZOo5vRi3L","Headset DP VR E4C125","Headset Type: E4C
Make: DP VR
Tech: Henry
Date:10/13/25
Comments: New Headset","DP VR E4C","E4C125","E4C125","","Pulseworks Shop",,,,"Assets","","",,"",,"","","",false,,"","","10/14/2025 02:08 PM","Operational",,"","","","",,
"WmKQcewKaD","Headset DP VR E4C126","Headset Type: E4C
Make: DP VR
Tech: Henry
Date:10/13/25
Comments: New Headset","DP VR E4C","E4C126","E4C126",,"HAZY-Steven F. Udvar-Hazy Center",,,,"Assets","","",,"",,"","","",false,,,,"10/14/2025 02:08 PM","Operational",,"","","","",,
"bwTMEOEHHo","Headset DP VR E4C127","Headset Type: E4C
Make: DP VR
Tech: Henry
Date:10/13/25
Comments: New Headset","DP VR E4C","E4C127","E4C127",,"Intrepid - Intrepid Sea Air & Space Museum (FANA)",,,,"Assets","","",,"",,"","","",false,,,,"10/14/2025 02:08 PM","Operational",,"","","","",,
"eaL38TifnS","Headset DP VR E4C128","Headset Type: E4C
Make: DP VR
Tech: Henry
Date:10/13/25
Comments: New Headset","DP VR E4C","E4C128","E4C128",,"Pulseworks Shop",,,,"Assets","","",,"",,"","","",false,,,,"10/14/2025 02:08 PM","Operational",,"","","","",,
"VoClAQR89B","Headset DP VR E4C129","Headset Type: E4C
Make: DP VR
Tech: Henry
Date:8/21/25
Comments: New Headset","DP VR E4C","E4C129","E4C129","","Midway - USS Midway Museum (FANA)","",,,"Assets","","",,"",,"","","",false,,"","","10/14/2025 02:08 PM","Operational",,"","","","",,
"B2VwPEr8fA","Headset DP VR E4C130","Headset Type: E4C
Make: DP VR
Tech: Henry
Date:10/13/25
Comments: New Headset","DP VR E4C","E4C130","E4C130",,"Patriots Point-Patriots Point Naval & Maritime Museum (FANA)",,,,"Assets","","",,"",,"","","",false,,,,"10/14/2025 02:08 PM","Operational",,"","","","",,
"MhaDHVyBPm","Headset DP VR E4C131","Headset Type: E4C
Make: DP VR
Tech: Henry
Date:10/13/25
Comments: New Headset","DP VR E4C","E4C131","E4C131",,"USSRC-U.S. Space and Rocket Center",,,,"Assets","","",,"",,"","","",false,,,,"10/14/2025 02:08 PM","Operational",,"","","","",,
"qqj4BNKoeB","Headset DP VR E4C132","Headset Type: E4C
Make: DP VR
Tech: Henry
Date:10/13/25
Comments: New Headset","DP VR E4C","E4C132","E4C132",,"Midway - USS Midway Museum (FANA)",,,,"Assets","","",,"",,"","","",false,,,,"10/14/2025 02:08 PM","Operational",,"","","","",,
"k7DD4Vs6MY","Headset DP VR E4C133","Headset Type: E4C
Make: DP VR
Tech: Henry
Date:10/13/25
Comments: New Headset","DP VR E4C","E4C133","E4C133",,"Pulseworks Shop",,,,"Assets","","",,"",,"","","",,,,,"10/14/2025 02:08 PM","Operational",,"","","","",,
"0js0obdfds","Headset DP VR E4C134","Headset Type: E4C
Make: DP VR
Tech: Henry
Date:10/13/25
Comments: New Headset","DP VR E4C","E4C134","E4C134",,"Pulseworks Shop",,,,"Assets","","",,"",,"","","",,,,,"10/14/2025 02:08 PM","Operational",,"","","","",,
"fpyX1CNns3","Headset DP VR E4C135","Headset Type: E4C
Make: DP VR
Tech: Henry
Date:8/21/25
Comments: New Headset","DP VR E4C","E4C135","E4C135",,"Pulseworks Shop",,,,"Assets","","",,"",,"","","",false,,,,"10/14/2025 02:08 PM","Operational",,"","","","",,
"Kd4ULKeAqn","Headset DP VR E4C136","Headset Type: E4C
Make: DP VR
Tech: Henry
Date:10/13/25
Comments: New Headset","DP VR E4C","E4C136","E4C136",,"Patriots Point-Patriots Point Naval & Maritime Museum (FANA)",,,,"Assets","","",,"",,"","","",false,,,,"10/14/2025 02:08 PM","Operational",,"","","","",,
"xn3ApJMY5W","Headset DP VR E4C137","Headset Type: E4C
Make: DP VR
Tech: Henry
Date:10/13/25
Comments: New Headset","DP VR E4C","E4C137","E4C137",,"Pulseworks Shop",,,,"Assets","","",,"",,"","","",,,,,"10/14/2025 02:08 PM","Operational",,"","","","",,
"M5dBeLUC22","Headset DP VR E4C138","Headset Type: E4C
Make: DP VR
Tech: Henry
Date:10/13/25
Comments: New Headset","DP VR E4C","E4C138","E4C138",,"Pulseworks Shop",,,,"Assets","","",,"",,"","","",false,,,,"10/14/2025 02:08 PM","Operational",,"","","","",,
"jKkhbhJzMe","Headset DP VR E4C139","Headset Type: E4C
Make: DP VR
Tech: Henry
Date:10/13/25
Comments: New Headset","DP VR E4C","E4C139","E4C139",,"USSRC-U.S. Space and Rocket Center",,,,"Assets","","",,"",,"","","",false,,,,"10/14/2025 02:08 PM","Operational",,"","","","",,
"DigFvLr7wL","Headset DP VR E4C140","Headset Type: E4C
Make: DP VR
Tech: Henry
Date:10/13/25
Comments: New Headset","DP VR E4C","E4C140","E4C140",,"SCH-Space Center Houston",,,,"Assets","","",,"",,"","","",false,,,,"10/14/2025 02:08 PM","Operational",,"","","","",,
"D8FSst7Au8","Headset DP VR E4C141","Headset Type: E4C
Make: DP VR
Tech: 
Date:
Comments:","DP VR E4C","E4C141","E4C141",,"Intrepid - Intrepid Sea Air & Space Museum (FANA)",,,,"Assets","","",,"",,"","","",false,,,,"03/16/2026 09:18 AM","Operational",,"","","","",,
"rBzfGf1SN1","Headset DP VR E4C142","Headset Type: E4C
Make: DP VR
Tech: 
Date:
Comments: 
","DP VR E4C","E4C142","E4C142",,"Pulseworks Shop",,,,"Assets","","",,"",,"","","",false,,,,"03/16/2026 09:09 AM","Operational",,"","","","",,
"7wpaICCZ1n","Headset DP VR E4C143","Headset Type: E4C
Make: DP VR
Tech:
Date:
Comments: ","DP VR E4C","E4C143","E4C143",,"Patriots Point-Patriots Point Naval & Maritime Museum (FANA)",,,,"Assets","","",,"",,"","","",,,,,"03/03/2026 09:48 AM","Operational",,"","","","",,
"Pe0jQTW8Q8","Headset DP VR E4C144","Headset Type: E4C
Make: DP VR
Tech: 
Date:
Comments:","DP VR E4C","E4C144","E4C144",,"SCH-Space Center Houston",,,,"Assets","","",,"",,"","","",false,,,,"03/16/2026 09:18 AM","Operational",,"","","","",,
"jLBVkCtj7J","Headset DP VR E4C145","Headset Type: E4C
Make: DP VR
Tech: 
Date:
Comments:","DP VR E4C","E4C145","E4C145",,"SCH-Space Center Houston",,,,"Assets","","",,"",,"","","",false,,,,"03/16/2026 09:18 AM","Operational",,"","","","",,
"ZY35PzNZTE","Headset DP VR E4C146","Headset Type: E4C
Make: DP VR
Tech: 
Date:
Comments: 
","DP VR E4C","E4C146","E4C146",,"USAFM-National Museum of the United States Air Force",,,,"Assets","","",,"",,"","","",false,,,,"03/16/2026 09:04 AM","Operational",,"","","","",,
"rpAVyDr0Ca","Headset DP VR E4C147","Headset Type: E4C
Make: DP VR
Tech: 
Date:
Comments:","DP VR E4C","E4C147","E4C147",,"SCH-Space Center Houston",,,,"Assets","","",,"",,"","","",false,,,,"03/16/2026 09:18 AM","Operational",,"","","","",,
"iTPPfixGWT","Headset DP VR E4C148","Headset Type: E4C
Make: DP VR
Tech: 
Date:
Comments:","DP VR E4C","E4C148","E4C148",,"Pulseworks Shop",,,,"Assets","","",,"",,"","","",false,,,,"03/16/2026 09:18 AM","Operational",,"","","","",,
"Kb5hU5HaPH","Headset DP VR E4C149","Headset Type: E4C
Make: DP VR
Tech: 
Date:
Comments:","DP VR E4C","E4C149","E4C149",,"Intrepid - Intrepid Sea Air & Space Museum (FANA)",,,,"Assets","","",,"",,"","","",false,,,,"03/16/2026 09:18 AM","Operational",,"","","","",,
"zuqXFZXT4C","Headset DP VR E4C150","Headset Type: E4C
Make: DP VR
Tech: 
Date:
Comments:","DP VR E4C","E4C150","E4C150",,"Patriots Point-Patriots Point Naval & Maritime Museum (FANA)",,,,"Assets","","",,"",,"","","",false,,,,"03/16/2026 09:18 AM","Operational",,"","","","",,
"hcXXcttcqR","Headset DP VR E4C151","Headset Type: E4C
Make: DP VR
Tech: 
Date:
Comments:","DP VR E4C","E4C151","E4C151",,"SCH-Space Center Houston",,,,"Assets","","",,"",,"","","",false,,,,"03/16/2026 09:18 AM","Operational",,"","","","",,
"AEpoX6j0QB","Headset DP VR E4C152","Headset Type: E4C
Make: DP VR
Tech: 
Date:
Comments:","DP VR E4C","E4C152","E4C152","","Pulseworks Shop","",,,"Assets","","",,"",,"","","",false,,"","","03/16/2026 09:18 AM","Operational",,"","","","",,
"j2sVbSafqh","Headset DP VR E4C153","Headset Type: E4C 
Make: DP VR
Tech: 
Date:7/14/26 
Comments: Used Headset
","DP VR E4C","E4C153",,,"Pulseworks Shop",,,,"Assets","","",,"",,"","","",false,,,,"07/14/2026 01:58 PM","Operational",,"","","","",,
"Z6vFzC5zFU","Headset HP HP001","Headset Type: HP Reverb G2
Make: HP
S/N: 8CCC251232K
Tech: 
Date:3/13/25
Comments: Used Headset","HP Reverb G2","HP001",,,"Pulseworks Shop",,,,"Assets","","",,"",,"","","",false,,,,"03/27/2025 10:58 AM","Operational",,"","","","",,
"sgEIqAKcB7","Headset HP HP002","Headset Type: HP Reverb G2
Make: HP
S/N:8CC251Z17X
Tech:
Date:3/3/25
Comments: Used Headset","HP Reverb G2","HP002",,,"Pulseworks Shop",,,,"Assets","","",,"",,"","","",false,,,,"03/27/2025 11:01 AM","Operational",,"","","","",,
"OScckLWV1w","Headset HP HP003","Headset Type: HP Reverb G2
Make: HP
S/N:8CC251Z16X
Tech:
Date:3/3/25
Comments: Used Headset","HP Reverb G2","HP003",,,"FMNH-Field Museum of Natural History",,,,"Assets","","",,"",,"","","",false,,,,"03/27/2025 11:02 AM","Operational",,"","","","",,
"Jwss9P8HNU","Headset HP HP004","Headset Type: HP Reverb G2
Make: HP
S/N:8CC329Z39S
Tech:
Date:3/3/25
Comments: Used Headset","HP Reverb G2","HP004",,,"Pulseworks Shop",,,,"Assets","","",,"",,"","","",false,,,,"03/27/2025 11:04 AM","Operational",,"","","","",,
"4YRqCEekCl","Headset HP HP005","Headset Type: HP Reverb G2
Make: HP
S/N:8CC202Z22J4
Tech:
Date:3/3/25
Comments: Used Headset","HP Reverb G2","HP005",,,"Pulseworks Shop",,,,"Assets","","",,"",,"","","",false,,,,"03/27/2025 11:06 AM","Operational",,"","","","",,
"fOCKbhVwOB","Headset HP HP006","Headset Type: HP Reverb G2
Make: HP
S/N:
Tech:
Date:3/3/25
Comments: Used Headset","HP Reverb G2","HP006",,,"Pulseworks Shop",,,,"Assets","","",,"",,"","","",false,,,,"03/27/2025 11:07 AM","Operational",,"","","","",,
"ZoOBBmuiFR","Headset HP HP007","Headset Type: HP Reverb G2
Make: HP
S/N:8CC124Z0R2
Tech:
Date:3/3/25
Comments: Used Headset","HP Reverb G2","HP007",,,"Pulseworks Shop",,,,"Assets","","",,"",,"","","",false,,,,"03/27/2025 11:10 AM","Operational",,"","","","",,
"JKbmjGLATE","Headset HP HP008","Headset Type: HP Reverb G2
Make: HP
S/N:8CC2282C02
Tech:
Date:3/3/25
Comments: Used Headset","HP Reverb G2","HP008",,,"Pulseworks Shop",,,,"Assets","","",,"",,"","","",false,,,,"03/28/2025 07:51 AM","Operational",,"","","","",,
"OyBxe16dTp","Headset HP HP009","Headset Type: HP Reverb G2
Make: HP
S/N:8CC307Z1SP
Tech:
Date:3/3/25
Comments: Used Headset","HP Reverb G2","HP009",,,"Pulseworks Shop",,,,"Assets","","",,"",,"","","",false,,,,"03/28/2025 07:51 AM","Operational",,"","","","",,
"CtfExpvy7y","Headset HP HP010","Headset Type: HP Reverb G2
Make: HP
S/N:8CC311Z00H
Tech:
Date:3/3/25
Comments: Used Headset","HP Reverb G2","HP010",,,"Pulseworks Shop",,,,"Assets","","",,"",,"","","",false,,,,"03/28/2025 07:51 AM","Operational",,"","","","",,
"dRctHod7Hr","Headset HP HP011","Headset Type: HP Reverb G2
Make: HP
S/N:8CC228Z1MB
Tech:
Date:3/3/25
Comments: Used Headset","HP Reverb G2","HP011","","","Pulseworks Shop","",,,"Assets","","",,"",,"","","",false,,"","","03/28/2025 07:51 AM","Operational",,"","","","",,
"6m3wFi06o0","Headset HP HP012","Headset Type: HP Reverb G2
Make: HP
S/N:8CC052Z0HV
Tech:
Date:3/3/25
Comments: Used Headset","HP Reverb G2","HP012",,,"MSI-Museum of Science and Industry",,,,"Assets","","",,"",,"","","",false,,,,"03/28/2025 07:51 AM","Operational",,"","","","",,
"lfxZYnLxiU","Headset HP HP013","Headset Type: HP Reverb G2
Make: HP
S/N:8CC306Z006
Tech:
Date:3/3/25
Comments: Used Headset","HP Reverb G2","HP013",,,"Pulseworks Shop",,,,"Assets","","",,"",,"","","",false,,,,"03/28/2025 07:51 AM","Operational",,"","","","",,
"SNzPbeVzr0","Headset HP HP014","Headset Type: HP Reverb G2
Make: HP
S/N:6CC891Z0ML
Tech:
Date:3/3/25
Comments: Used Headset","HP Reverb G2","HP014",,,"Pulseworks Shop",,,,"Assets","","",,"",,"","","",false,,,,"03/28/2025 07:51 AM","Operational",,"","","","",,
"z4KSvIfHL0","Headset HP HP015","Headset Type: HP Reverb G2
Make: HP
S/N:8CC251Z0MX
Tech:
Date:3/3/25
Comments: Used Headset","HP Reverb G2","HP015","HP015",,"SLSC-St. Louis Science Center",,,,"Assets","","",,"",,"","","",false,,,,"03/28/2025 07:51 AM","Operational",,"","","","",,
"GE8UqRnAfE","Headset HP HP016","Headset Type: HP Reverb G2
Make: HP
S/N:8CC251Z2PR
Tech:
Date:3/3/25
Comments: Used Headset","HP Reverb G2","HP016",,,"Pulseworks Shop",,,,"Assets","","",,"",,"","","",false,,,,"03/28/2025 07:51 AM","Operational",,"","","","",,
"SdRLSVQpE1","Headset HP HP017","Headset Type: HP Reverb G2
Make: HP
S/N:8CC202Z1NC
Tech:
Date:3/3/25
Comments: Used Headset","HP Reverb G2","HP017",,,"Pulseworks Shop",,,,"Assets","","",,"",,"","","",false,,,,"03/28/2025 07:51 AM","Operational",,"","","","",,
"GuZx5PVIdm","Headset HP HP018","Headset Type: HP Reverb G2
Make: HP
S/N:8CC307Z0R8
Tech:
Date:3/3/25
Comments: Used Headset","HP Reverb G2","HP018",,,"Pulseworks Shop",,,,"Assets","","",,"",,"","","",false,,,,"03/28/2025 07:51 AM","Operational",,"","","","",,
"YHpaXuyAmL","Headset HP HP019","Headset Type: HP Reverb G2
Make: HP
S/N:8CC315Z3WG
Tech:
Date:3/3/25
Comments: Used Headset","HP Reverb G2","HP019",,,"Pulseworks Shop",,,,"Assets","","",,"",,"","","",false,,,,"03/28/2025 07:51 AM","Operational",,"","","","",,
"6QLlB5HUDI","Headset HP HP020","Headset Type: HP Reverb G2
Make: HP
S/N:8CC251Z25B
Tech:
Date:3/3/25
Comments: Used Headset","HP Reverb G2","HP020",,,"Pulseworks Shop",,,,"Assets","","",,"",,"","","",false,,,,"03/28/2025 07:51 AM","Operational",,"","","","",,
"dMhsgEFbzy","Headset HP HP021","Headset Type: HP Reverb G2
Make: HP
S/N:
Tech:
Date:3/3/25
Comments: Used Headset","HP Reverb G2","HP021",,,"Pulseworks Shop",,,,"Assets","","",,"",,"","","",false,,,,"03/28/2025 07:51 AM","Operational",,"","","","",,
"9sOL6WlBGS","Headset HP HP022","Headset Type: HP Reverb G2
Make: HP
S/N:8CC243Z0KS
Tech:
Date:3/3/25
Comments: Used Headset","HP Reverb G2","HP022",,,"Pulseworks Shop",,,,"Assets","","",,"",,"","","",false,,,,"03/28/2025 07:51 AM","Operational",,"","","","",,
"OiqXmH4rYH","Headset HP HP023","Headset Type: HP Reverb G2
Make: HP
S/N:8CC228Z06P
Tech:
Date:3/3/25
Comments: Used Headset","HP Reverb G2","HP023",,,"Pulseworks Shop",,,,"Assets","","",,"",,"","","",false,,,,"03/28/2025 07:51 AM","Operational",,"","","","",,
"ZbJN664kTb","Headset HP HP024","Headset Type: HP Reverb G2
Make: HP
S/N:8CC307Z21CH
Tech:
Date:3/3/25
Comments: Used Headset","HP Reverb G2","HP024",,,"Pulseworks Shop",,,,"Assets","","",,"",,"","","",false,,,,"03/28/2025 07:51 AM","Operational",,"","","","",,
"pPByRrwAVn","Headset HP HP025","Headset Type: HP Reverb G2
Make: HP
S/N:8CC243Z0MP
Tech:
Date:3/3/25
Comments: Used Headset","HP Reverb G2","HP025",,,"Pulseworks Shop",,,,"Assets","","",,"",,"","","",false,,,,"03/28/2025 07:51 AM","Operational",,"","","","",,
"1iavjABYTT","Headset HP HP026","Headset Type: HP Reverb G2
Make: HP
S/N:8CC228Z0M2
Tech:
Date:3/3/25
Comments: Used Headset","HP Reverb G2","HP026",,,"Pulseworks Shop",,,,"Assets","","",,"",,"","","",false,,,,"03/28/2025 07:51 AM","Operational",,"","","","",,
"qyMyQHEQj9","Headset HP HP027","Headset Type: HP Reverb G2
Make: HP
S/N:
Tech:
Date:3/3/25
Comments: Used Headset","HP Reverb G2","HP027",,,"FMNH-Field Museum of Natural History",,,,"Assets","","",,"",,"","","",false,,,,"03/28/2025 07:51 AM","Operational",,"","","","",,
"k4qdSr8jK9","Headset HP HP028","Headset Type: HP Reverb G2
Make: HP
S/N:
Tech:
Date:3/10/25
Comments: Used Headset","HP Reverb G2","HP028",,,"FMNH-Field Museum of Natural History",,,,"Assets","","",,"",,"","","",false,,,,"03/28/2025 07:51 AM","Operational",,"","","","",,
"tGXyWmiM8y","Headset HP HP029","Headset Type: HP Reverb G2
Make: HP
S/N: 
Tech: Hugo
Date:3/6/25
Comments: Used Headset","HP Reverb G2","HP029",,,"Pulseworks Shop",,,,"Assets","","",,"",,"","","",false,,,,"03/20/2025 08:02 AM","Operational",,"","","","",,
"WMsADl4vK5","Headset HP HP030","Headset Type: HP Reverb G2
Make: HP
S/N: 8CC311Z0M8
Tech: Hugo
Date:3/6/25
Comments: Used Headset","HP Reverb G2","HP030",,"","Pulseworks Shop",,,,"Assets","","",,"",,"","","",false,,"","","03/20/2025 08:05 AM","Operational",,"","","","",,
"pYKMCe6T3O","Headset HP HP031","Headset Type: HP Reverb G2
Make: HP
Tech: Ethen/Miheer
Date:4/25/25
Comments: Used Headset","HP Reverb G2","HP031",,,"SLSC-St. Louis Science Center",,,,"Assets","","",,"",,"","","",false,,,,"05/29/2025 02:36 PM","Operational",,"","","","",,
"Xj9wHRVvOr","Headset HP HP032","Headset Type: HP Reverb G2
Make: HP
Tech: Ethen/Miheer
Date:4/25/25
Comments: Used Headset","HP Reverb G2","HP032",,,"Pulseworks Shop",,,,"Assets","","",,"",,"","","",false,,,,"05/29/2025 02:36 PM","Operational",,"","","","",,
"8QCZgIO0Fu","Headset HP HP033","Headset Type: HP Reverb G2
Make: HP
Tech: Ethen/Miheer
Date:4/25/25
Comments: Used Headset","HP Reverb G2","HP033",,,"Pulseworks Shop",,,,"Assets","","",,"",,"","","",false,,,,"05/29/2025 02:36 PM","Operational",,"","","","",,
"XIZG9uC13R","Headset HP HP034","Headset Type: HP Reverb G2
Make: HP
S/N:
Tech: 
Date:
Comments:
","HP Reverb G2 ","HP034",,,"Pulseworks Shop",,,,"Assets","","",,"",,"","","",false,,,,"09/11/2025 01:29 PM","Operational",,"","","","",,
"narMs7tFcE","Headset HP HP035","Headset Type: HP Reverb G2
Make: HP
Tech: Ethen/Miheer
Date:4/25/25
Comments: Used Headset","HP Reverb G2","HP035",,,"Pulseworks Shop",,,,"Assets","","",,"",,"","","",false,,,,"05/29/2025 02:36 PM","Operational",,"","","","",,
"hbXXrOCCpv","Headset HP HP036","Headset Type: HP Reverb G2
Make: HP
Tech: Ethen/Miheer
Date:4/25/25
Comments: Used Headset","HP Reverb G2","HP036",,,"MOF-Museum of Flight",,,,"Assets","","",,"",,"","","",false,,,,"05/29/2025 02:36 PM","Operational",,"","","","",,
"zyZGOlfELo","Headset HP HP037","Headset Type: HP Reverb G2
Make: HP
Tech: Ethen/Miheer
Date:4/25/25
Comments: Used Headset","HP Reverb G2","HP037",,,"SLSC-St. Louis Science Center",,,,"Assets","","",,"",,"","","",false,,,,"05/29/2025 02:36 PM","Operational",,"","","","",,
"1Hmu4BC7P9","Headset HP HP038","Headset Type: HP Reverb G2
Make: HP
Tech: Ethen/Miheer
Date:4/25/25
Comments: Used Headset","HP Reverb G2","HP038",,,"Pulseworks Shop",,,,"Assets","","",,"",,"","","",,,,,"05/29/2025 02:36 PM","Operational",,"","","","",,
"JVjUt206yb","Headset HP HP039","Headset Type: HP Reverb G2
Make: HP
Tech: Ethen/Miheer
Date:4/25/25
Comments: Used Headset","HP Reverb G2","HP039",,,"Pulseworks Shop",,,,"Assets","","",,"",,"","","",false,,,,"05/29/2025 02:36 PM","Operational",,"","","","",,
"lYlkHiuhfX","Headset HP HP040","Headset Type: HP Reverb G2
Make: HP
Tech: Ethen/Miheer
Date:4/25/25
Comments: Used Headset","HP Reverb G2","HP040",,,"Pulseworks Shop",,,,"Assets","","",,"",,"","","",false,,,,"05/29/2025 02:36 PM","Operational",,"","","","",,
"1N8OF2Qwfr","Headset HP HP042","Headset Type: HP Reverb G2
Make: HP
Tech: Ethen/Miheer
Date:4/25/25
Comments: Used Headset","HP Reverb G2","HP042","","","Pulseworks Shop","",,,"Assets","","",,"",,"","","",false,,"","","05/29/2025 02:36 PM","Operational",,"","","","",,
"vkZKaKp2Gg","Headset HP HP043","Headset Type: HP Reverb G2
Make: HP
Tech: Ethen/Miheer
Date:4/25/25
Comments: Used Headset","HP Reverb G2","HP043",,,"Pulseworks Shop",,,,"Assets","","",,"",,"","","",false,,,,"05/29/2025 02:36 PM","Operational",,"","","","",,
"aDbBcMoJUk","Headset HP HP044","Headset Type: HP Reverb G2
Make: HP
Tech: Ethen/Miheer
Date:4/25/25
Comments: Used Headset","HP Reverb G2","HP044",,,"Pulseworks Shop",,,,"Assets","","",,"",,"","","",false,,,,"05/29/2025 02:36 PM","Operational",,"","","","",,
"KtwAWLEiaM","Headset HP HP045","Headset Type: HP Reverb G2
Make: HP
Tech: Ethen/Miheer
Date:4/25/25
Comments: Used Headset","HP Reverb G2","HP045",,,"Pulseworks Shop",,,,"Assets","","",,"",,"","","",false,,,,"05/29/2025 02:36 PM","Operational",,"","","","",,
"exAb0Q0aIR","Headset HP HP046","Headset Type: HP Reverb G2
Make: HP
S/N:
Tech: 
Date:
Comments: 
","HP Reverb G2 ","HP046","HP046",,"MSI-Museum of Science and Industry",,,,"Assets","","",,"",,"","","",,,,,"03/23/2026 06:47 AM","Operational",,"","","","",,
"j0S6wh1AOm","Headset HP HP047","Headset Type: HP Reverb G2
Make: HP
Tech: Ethen/Miheer
Date:4/25/25
Comments: Used Headset","HP Reverb G2","HP047",,,"Pulseworks Shop",,,,"Assets","","",,"",,"","","",false,,,,"05/29/2025 02:36 PM","Operational",,"","","","",,
"eJ9FniSeSk","Headset HP HP048","Headset Type: HP Reverb G2
Make: HP
Tech: Ethen/Miheer
Date:4/25/25
Comments: Used Headset","HP Reverb G2","HP048",,,"Pulseworks Shop",,,,"Assets","","",,"",,"","","",false,,,,"05/29/2025 02:36 PM","Operational",,"","","","",,
"ktecDU2RM8","Headset HP HP049","Headset Type: HP Reverb G2
Make: HP
Tech: Ethen/Miheer
Date:4/25/25
Comments: Used Headset","HP Reverb G2","HP049",,,"USSRC-U.S. Space and Rocket Center",,,,"Assets","","",,"",,"","","",false,,,,"05/29/2025 02:36 PM","Operational",,"","","","",,
"DesHvWki3x","Headset HP HP051","Headset Type: HP Reverb G2
Make: HP
Tech: Ethen/Miheer
Date:4/25/25
Comments: Used Headset","HP Reverb G2","HP051","","","MSI-Museum of Science and Industry","",,,"Assets","","",,"",,"","","",false,,"","","05/29/2025 02:36 PM","Operational",,"","","","",,
"EGyKKicWts","Headset HP HP053","Headset Type: HP Reverb G2
Make: HP
Tech: Ethen/Miheer
Date:4/25/25
Comments: Used Headset","HP Reverb G2","HP053",,,"Pulseworks Shop",,,,"Assets","","",,"",,"","","",false,,,,"05/29/2025 02:36 PM","Operational",,"","","","",,
"tRNkXq6ukR","Headset HP HP054","Headset Type: HP Reverb G2
Make: HP
Tech: Ethen/Miheer
Date:4/25/25
Comments: Used Headset","HP Reverb G2","HP054","","","Pulseworks Shop","",,,"Assets","","",,"",,"","","",false,,"","","05/29/2025 02:36 PM","Operational",,"","","","",,
"SQfYFMh9gI","Headset HP HP055","Headset Type: HP Reverb G2
Make: HP
Tech: Ethen/Miheer
Date:4/25/25
Comments: Used Headset","HP Reverb G2","HP055",,,"MSI-Museum of Science and Industry",,,,"Assets","","",,"",,"","","",false,,,,"05/29/2025 02:36 PM","Operational",,"","","","",,
"C8AnPoMnYc","Headset HP HP056","Headset Type: HP Reverb G2
Make: HP
Tech: Ethen/Miheer
Date:4/25/25
Comments: Used Headset","HP Reverb G2","HP056",,"","Pulseworks Shop",,,,"Assets","","",,"",,"","","",false,,"","","05/29/2025 02:36 PM","Operational",,"","","","",,
"rBBxwkd2kq","Headset HP HP057","Headset Type: HP Reverb G2
Make: HP
Tech: Ethen/Miheer
Date:4/25/25
Comments: Used Headset","HP Reverb G2","HP057",,,"Pulseworks Shop",,,,"Assets","","",,"",,"","","",false,,,,"05/29/2025 02:36 PM","Operational",,"","","","",,
"Qb71qEQJnq","Headset HP HP058","Headset Type: HP Reverb G2
Make: HP
Tech: Ethen/Miheer
Date:4/25/25
Comments: Used Headset","HP Reverb G2","HP058","","","FMNH-Field Museum of Natural History","",,,"Assets","","",,"",,"","","",false,,"","","05/29/2025 02:36 PM","Operational",,"","","","",,
"lNELKOnGM2","Headset HP HP060","Headset Type: HP Reverb G2
Make: HP
Tech: Ethen/Miheer
Date:4/25/25
Comments: Used Headset","HP Reverb G2","HP060",,,"Pulseworks Shop",,,,"Assets","","",,"",,"","","",false,,,,"05/29/2025 02:36 PM","Operational",,"","","","",,
"dGrt3uQDsZ","Headset HP HP061","Headset Type: HP Reverb G2
Make: HP
Tech: Ethen/Miheer
Date:4/25/25
Comments: Used Headset","HP Reverb G2","HP061",,,"Pulseworks Shop",,,,"Assets","","",,"",,"","","",,,,,"05/29/2025 02:36 PM","Operational",,"","","","",,
"0ulKRWyYxn","Headset HP HP062","Headset Type: HP Reverb G2
Make: HP
Tech: Ethen/Miheer
Date:4/25/25
Comments: Used Headset","HP Reverb G2","HP062",,,"Pulseworks Shop",,,,"Assets","","",,"",,"","","",false,,,,"05/29/2025 02:36 PM","Operational",,"","","","",,
"xPYeiqMiv1","Headset HP HP063","Headset Type: HP Reverb G2
Make: HP
Tech: Ethen/Miheer
Date:4/25/25
Comments: Used Headset","HP Reverb G2","HP063",,,"MSI-Museum of Science and Industry",,,,"Assets","","",,"",,"","","",false,,,,"05/29/2025 02:36 PM","Operational",,"","","","",,
"8BiNjEW25U","Headset HP HP064","Headset Type: HP Reverb G2
Make: HP
Tech: Ethen/Miheer
Date:4/25/25
Comments: Used Headset","HP Reverb G2","HP064",,,"Pulseworks Shop",,,,"Assets","","",,"",,"","","",false,,,,"05/29/2025 02:36 PM","Operational",,"","","","",,
"UCTi7Vk6CJ","Headset HP HP065","Headset Type: HP Reverb G2
Make: HP
Tech: Ethen/Miheer
Date:4/25/25
Comments: Used Headset","HP Reverb G2","HP065",,,"MSI-Museum of Science and Industry",,,,"Assets","","",,"",,"","","",false,,,,"05/29/2025 02:36 PM","Operational",,"","","","",,
"zz6kjG1CQJ","Headset HP HP066","Headset Type: HP Reverb G2
Make: HP
Tech: Ethen/Miheer
Date:4/25/25
Comments: Used Headset","HP Reverb G2","HP066",,,"Pulseworks Shop",,,,"Assets","","",,"",,"","","",false,,,,"05/29/2025 02:36 PM","Operational",,"","","","",,
"67Ajnw9hA0","Headset HP HP067","Headset Type: HP Reverb G2
Make: HP
Tech: Ethen/Miheer
Date:4/25/25
Comments: Used Headset","HP Reverb G2","HP067",,,"Pulseworks Shop",,,,"Assets","","",,"",,"","","",false,,,,"05/29/2025 02:36 PM","Operational",,"","","","",,
"AlIFxkL07r","Headset HP HP068","Headset Type: HP Reverb G2
Make: HP
Tech: Ethen/Miheer
Date:4/25/25
Comments: Used Headset","HP Reverb G2","HP068","","","Pulseworks Shop","",,,"Assets","","",,"",,"","","",false,,"","","05/29/2025 02:36 PM","Operational",,"","","","",,
"72YGAAoGGs","Headset HP HP069","Headset Type: HP Reverb G2
Make: HP
Tech: Ethen/Miheer
Date:4/25/25
Comments: Used Headset","HP Reverb G2","HP069",,,"Pulseworks Shop",,,,"Assets","","",,"",,"","","",,,,,"05/29/2025 02:36 PM","Operational",,"","","","",,
"g7dW1tSd6K","Headset HP HP070","Headset Type: HP Reverb G2
Make: HP
Tech: Ethen/Miheer
Date:4/25/25
Comments: Used Headset","HP Reverb G2","HP070",,,"Pulseworks Shop",,,,"Assets","","",,"",,"","","",,,,,"05/29/2025 02:36 PM","Operational",,"","","","",,
"ftswmSQG8D","Headset HP HP071","Headset Type: HP Reverb G2
Make: HP
Tech: Ethen/Miheer
Date:4/25/25
Comments: Used Headset","HP Reverb G2","HP071",,,"Pulseworks Shop",,,,"Assets","","",,"",,"","","",,,,,"05/29/2025 02:36 PM","Operational",,"","","","",,
"6oiCnSuggR","Headset HP HP072","Headset Type: HP Reverb G2
Make: HP
Tech: Ethen/Miheer
Date:4/25/25
Comments: Used Headset","HP Reverb G2","HP072",,,"MSI-Museum of Science and Industry",,,,"Assets","","",,"",,"","","",false,,,,"05/29/2025 02:36 PM","Operational",,"","","","",,
"AhBf4gDtkI","Headset HP HP073","Headset Type: HP Reverb G2
Make: HP
S/N: HP073
Tech: Ethen/Miheer
Date:5/29/25
Comments: Used Headset","HP Reverb G2","HP073",,,"MSI-Museum of Science and Industry",,,,"Assets","","",,"",,"","","",false,,,,"05/29/2026 02:48 PM","Operational",,"","","","",,
"bcmmElScEN","Headset HP HP074","Headset Type: HP Reverb G2
Make: HP
S/N:
Tech: 
Date:
Comments: 
","HP Reverb G2 ","HP074","HP074",,"Pulseworks Shop",,,,"Assets","","",,"",,"","","",false,,,,"02/16/2026 07:29 AM","Operational",,"","","","",,
"Hgin2vv225","Headset HP HP077","Headset Type: HP Reverb G2
Make: HP
S/N:
Tech: 
Date:
Comments: 
","HP Reverb G2 ","HP077","HP077",,"MSI-Museum of Science and Industry",,,,"Assets","","",,"",,"","","",false,,,,"11/26/2025 08:20 AM","Operational",,"","","","",,
"fAOfYdRaEj","Headset HP HP079","Headset Type: HP Reverb G2
Make: HP
Tech: 
Date:
Comments:","HP Reverb G2","HP079",,,"Pulseworks Shop",,,,"Assets","","",,"",,"","","",false,,,,"08/19/2025 08:10 AM","Operational",,"","","","",,
"DKtqlPSZ33","Headset HP HP080","Headset Type: HP Reverb G2
Make: HP
S/N: HP080
Tech: Ethen/Miheer
Date: 
Comments: Used Headset","HP Reverb G2","HP080",,,"SLSC-St. Louis Science Center",,,,"Assets","","",,"",,"","","",false,,,,"05/28/2026 10:28 AM","Operational",,"","","","",,
"dVoYBaDYl8","Headset HP HP081","Headset Type: HP Reverb G2
Make: HP
S/N:
Tech: Ethen/Miheer
Date:5/29/25
Comments: New Headset
","HP Reverb G2","HP081",,,"MSI-Museum of Science and Industry",,,,"Assets","","",,"",,"","","",false,,,,"07/10/2025 06:10 AM","Operational",,"","","","",,
"gQSf4SzVAM","Headset HP HP082","Headset Type: HP Reverb G2
Make: HP
S/N:
Tech: 
Date:
Comments: 
","HP Reverb G2","HP082","HP082",,"MOF-Museum of Flight",,,,"Assets","","",,"",,"","","",,,,,"01/23/2026 11:11 AM","Operational",,"","","","",,
"B6xcOMCLCe","Headset HP HP083","Headset Type: HP Reverb G2
Make: HP
S/N:
Tech: 
Date:
Comments: 
","HP Reverb G2 ","HP083","HP083",,"MSI-Museum of Science and Industry",,,,"Assets","","",,"",,"","","",false,,,,"11/26/2025 08:21 AM","Operational",,"","","","",,
"FM2l8gjypm","Headset HP HP084","Headset Type: HP Reverb G2
Make: HP
Tech: 
Date:
Comments:","HP Reverb G2","HP084",,,"Pulseworks Shop",,,,"Assets","","",,"",,"","","",false,,,,"08/19/2025 08:10 AM","Operational",,"","","","",,
"GWAoMvt3FP","Headset HP HP085","Headset Type: HP Reverb G2

Make: HP

S/N: HP085

Tech: Ethen/Miheer

Date:5/29/25

Comments: Used Headset","HP Reverb G2","HP085",,,"MOF-Museum of Flight",,,,"Assets","","",,"",,"","","",false,,,,"07/13/2026 01:54 PM","Operational",,"","","","",,
"IXK7dOPENd","Headset HP HP086","Headset Type: HP Reverb G2
Make: HP
S/N:
Tech: Ethen/Miheer
Date:5/29/25
Comments: New Headset
","HP Reverb G2 ","HP086",,,"Pulseworks Shop",,,,"Assets","","",,"",,"","","",false,,,,"07/10/2025 06:12 AM","Operational",,"","","","",,
"AoIJuBE48K","Headset HP HP089","Headset Type: HP Reverb G2
Make: HP
S/N:
Tech: 
Date:
Comments: 
","HP Reverb G2 ","HP089","HP089",,"FMNH-Field Museum of Natural History",,,,"Assets","","",,"",,"","","",false,,,,"01/05/2026 06:39 AM","Operational",,"","","","",,
"bJZ3rlcyJY","Headset HP HP090","Headset Type: HP Reverb G2
Make: HP
Tech: 
Date:
Comments:","HP Reverb G2","HP090",,,"Pulseworks Shop",,,,"Assets","","",,"",,"","","",false,,,,"08/19/2025 08:10 AM","Operational",,"","","","",,
"2zFEsl1zvn","Headset HP HP091","Headset Type: HP Reverb G2
Make: HP
S/N:
Tech: Ethen/Miheer
Date:5/29/25
Comments: New Headset
","HP Reverb G2 ","HP091",,,"Pulseworks Shop",,,,"Assets","","",,"",,"","","",false,,,,"07/10/2025 06:13 AM","Operational",,"","","","",,
"w9sa4NCMoO","Headset HP HP092","Headset Type: HP Reverb G2
Make: HP
S/N:
Tech:
Date:
Comments: ","HP Reverb G2 ","HP092",,,"Pulseworks Shop",,,,"Assets","","",,"",,"","","",,,,,"09/12/2025 05:33 AM","Operational",,"","","","",,
"LsVK9iquW6","Headset HP HP093","Headset Type: HP Reverb G2
Make: HP
S/N:
Tech: 
Date:
Comments: 
","HP Reverb G2 ","HP093","HP093",,"Pulseworks Shop",,,,"Assets","","",,"",,"","","",,,,,"01/23/2026 11:14 AM","Operational",,"","","","",,
"9BWtITzGpS","Headset HP HP094","Headset Type: HP Reverb G2
Make: HP
Tech: 
Date:
Comments:","HP Reverb G2","HP094",,,"Pulseworks Shop",,,,"Assets","","",,"",,"","","",false,,,,"08/19/2025 08:10 AM","Operational",,"","","","",,
"ZGB7a5LUjk","Headset HP HP095","Headset Type: HP Reverb G2
Make: HP
S/N:
Tech:
Date:
Comments: Used Headset
","HP Reverb G2 ","HP095","HP095",,"Pulseworks Shop",,,,"Assets","","",,"",,"","","",false,,,,"10/08/2025 08:42 AM","Operational",,"","","","",,
"VQIm1WJnXf","Headset HP HP097","Headset Type: HP Reverb G2
Make: HP
S/N:
Tech: 
Date:7/9/25
Comments: Used Headset
","HP Reverb G2 ","HP097",,,"Pulseworks Shop",,,,"Assets","","",,"",,"","","",false,,,,"07/10/2025 06:18 AM","Operational",,"","","","",,
"V3lKgS7uQy","Headset HP HP098","Headset Type: HP Reverb G2
Make: HP
S/N:
Tech: 
Date:7/9/25
Comments: Used Headset
","HP Reverb G2","HP098",,,"Pulseworks Shop",,,,"Assets","","",,"",,"","","",false,,,,"07/10/2025 06:26 AM","Operational",,"","","","",,
"yp0X1sK3X6","Headset HP HP099","Headset Type: HP Reverb G2
Make: HP
S/N:
Tech: 
Date:7/25/25
Comments: New Headset","HP Reverb G2","HP099",,,"SLSC-St. Louis Science Center",,,,"Assets","","",,"",,"","","",false,,,,"07/25/2025 07:23 AM","Operational",,"","","","",,
"XMjJyZHJD7","Headset HP HP100","Headset Type: HP Reverb G2
Make: HP
S/N:
Tech: 
Date:8/5/25
Comments: New (to us) Headset","HP Reverb G2","HP100",,,"Pulseworks Shop",,,,"Assets","","",,"",,"","","",false,,,,"08/05/2025 02:15 PM","Operational",,"","","","",,
"kpKDxjEIwW","Headset HP HP101","Headset Type: HP Reverb G2
Make: HP
S/N:
Tech: 
Date:8/5/25
Comments: New (to us)Headset","HP Reverb G2","HP0101",,"","FMNH-Field Museum of Natural History",,,,"Assets","","",,"",,"","","",false,,"","","08/05/2025 02:16 PM","Operational",,"","","","",,
"nJySZtid3t","Headset HP HP102","Headset Type: HP Reverb G2
Make: HP
S/N: HP102
Tech: Ethen/Miheer
Date:5/29/25
Comments: Used Headset","HP Reverb G2","HP102",,,"Pulseworks Shop",,,,"Assets","","",,"",,"","","",,,,,"06/15/2026 07:54 AM","Operational",,"","","","",,
"1rl56gnKKs","Headset HP HP103","Headset Type: HP Reverb G2
Make: HP
S/N:
Tech: 
Date:
Comments: 
","HP Reverb G2","HP103","HP103",,"MOF-Museum of Flight",,,,"Assets","","",,"",,"","","",,,,,"03/16/2026 08:19 AM","Operational",,"","","","",,
"bSwFBNUmpl","Headset HP HP105","Headset Type: HP Reverb G2
Make: HP
S/N:
Tech: 
Date:
Comments: 
","HP Reverb G2 ","HP105","HP105",,"Pulseworks Shop",,,,"Assets","","",,"",,"","","",false,,,,"03/03/2026 09:38 AM","Operational",,"","","","",,
"oCX6y5SQDC","Headset HP HP106","Headset Type: HP Reverb G2
Make: HP
Tech: 
Date:
Comments:","HP Reverb G2","HP106",,,"Pulseworks Shop",,,,"Assets","","",,"",,"","","",false,,,,"08/19/2025 08:10 AM","Operational",,"","","","",,
"zY9IQUh2qq","Headset HP HP107","Headset Type: HP Reverb G2
Make: HP
Tech: 
Date:
Comments:","HP Reverb G2","HP107",,,"Pulseworks Shop",,,,"Assets","","",,"",,"","","",,,,,"08/19/2025 08:10 AM","Operational",,"","","","",,
"SL3EkkcbX9","Headset HP HP108","Headset Type: HP Reverb G2
Make: HP
Tech: 
Date:
Comments:","HP Reverb G2","HP108",,,"Pulseworks Shop",,,,"Assets","","",,"",,"","","",false,,,,"08/19/2025 08:10 AM","Operational",,"","","","",,
"UB9hccJLJv","Headset HP HP109","Headset Type: HP Reverb G2
Make: HP
Tech: 
Date:
Comments:","HP Reverb G2","HP109",,,"Pulseworks Shop",,,,"Assets","","",,"",,"","","",,,,,"08/19/2025 08:10 AM","Operational",,"","","","",,
"NjXi06dYga","Headset HP HP110","Headset Type: HP Reverb G2
Make: HP
S/N:
Tech: 
Date:
Comments: 
","HP Reverb G2 ","HP110",,,"Pulseworks Shop",,,,"Assets","","",,"",,"","","",,,,,"09/12/2025 05:38 AM","Operational",,"","","","",,
"n8Bzl7wTQR","Headset HP HP111","Headset Type: HP Reverb G2
Make: HP
S/N:
Tech: 
Date:
Comments: 
","HP Reverb G2 ","HP111",,,"Pulseworks Shop",,,,"Assets","","",,"",,"","","",,,,,"09/12/2025 05:42 AM","Operational",,"","","","",,
"XAp3UKTOqj","Headset HP HP112","Headset Type: HP Reverb G2
Make: HP
S/N:
Tech: 
Date:
Comments: 
","HP Reverb G2 ","HP112","HP112",,"Pulseworks Shop",,,,"Assets","","",,"",,"","","",false,,,,"11/13/2025 06:29 AM","Operational",,"","","","",,
"J7rIDfye1m","Headset HP HP113","Headset Type: HP Reverb G2
Make: HP
S/N:
Tech: Ethen/Miheer
Date:
Comments: Used Headset
","HP Reverb G2 ","HP113","HP113",,"Pulseworks Shop",,,,"Assets","","",,"",,"","","",false,,,,"11/03/2025 06:32 AM","Operational",,"","","","",,
"IHD69TUyeY","Headset HP HP115","Headset Type: HP Reverb G2
Make: HP
S/N:
Tech: 
Date:
Comments: 
","HP Reverb G2 ","HP115","HP115",,"Pulseworks Shop",,,,"Assets","","",,"",,"","","",,,,,"11/13/2025 02:03 PM","Operational",,"","","","",,
"e6Lbxl6Hyl","Headset HP HP116","Headset Type: HP Reverb G2
Make: HP
S/N:
Tech: 
Date:
Comments: 
","HP Reverb G2 ","HP116","HP116",,"Pulseworks Shop",,,,"Assets","","",,"",,"","","",,,,,"11/13/2025 02:07 PM","Operational",,"","","","",,
"4GGEjCK0Tn","Headset HP HP119","Headset Type: HP Reverb G2
Make: HP
S/N:
Tech: 
Date:
Comments: 
","HP Reverb G2","HP119","HP119",,"Pulseworks Shop",,,,"Assets","","",,"",,"","","",false,,,,"11/26/2025 08:40 AM","Operational",,"","","","",,
"yFBdvPra3x","Headset HP HP120","Headset Type: HP Reverb G2
Make: HP
S/N:
Tech: 
Date:
Comments: 
","HP Reverb G2 ","HP120","HP120",,"Pulseworks Shop",,,,"Assets","","",,"",,"","","",,,,,"12/23/2025 09:55 AM","Operational",,"","","","",,
"1CmyRY6EiS","Headset HP HP121","Headset Type: HP Reverb G2
Make: HP
S/N:
Tech: 
Date:
Comments: 
","HP Reverb G2 ","HP121","HP121",,"Pulseworks Shop",,,,"Assets","","",,"",,"","","",,,,,"12/23/2025 09:56 AM","Operational",,"","","","",,
"69CHhAmU0E","Headset HP HP122","Headset Type: HP Reverb G2
Make: HP
S/N:
Tech: 
Date:
Comments: ","HP Reverb G2 ","HP122","HP122","","MOF-Museum of Flight","",,,"Assets","","",,"",,"","","",false,,"","","12/23/2025 09:27 AM","Operational",,"","","","",,
"eDwzWfEmjG","Headset HP HP123","Headset Type: HP Reverb G2
Make: HP
S/N:
Tech: 
Date:
Comments: 
","HP Reverb G2 ","HP123","HP123",,"MOF-Museum of Flight",,,,"Assets","","",,"",,"","","",false,,,,"12/23/2025 09:28 AM","Operational",,"","","","",,
"PnOWN8Cu85","Headset HP HP124","Headset Type: HP Reverb G2
Make: HP
S/N:
Tech: 
Date:
Comments: ","HP Reverb G2","HP124","HP124",,"Pulseworks Shop",,,,"Assets","","",,"",,"","","",,,,,"12/23/2025 09:29 AM","Operational",,"","","","",,
"N7Gem1JqFW","Headset HP HP125","Headset Type: HP Reverb G2
Make: HP
S/N:
Tech: 
Date:
Comments: 
","HP Reverb G2","HP125","HP125",,"Pulseworks Shop",,,,"Assets","","",,"",,"","","",,,,,"12/23/2025 09:31 AM","Operational",,"","","","",,
"6HGLBiViqm","Headset HP HP126","Headset Type: HP Reverb G2
Make: HP
S/N:
Tech: 
Date:
Comments: 
","HP Reverb G2 ","HP126","HP126",,"Pulseworks Shop",,,,"Assets","","",,"",,"","","",,,,,"12/23/2025 09:32 AM","Operational",,"","","","",,
"npKquI7Zrc","Headset HP HP127","Headset Type: HP Reverb G2
Make: HP
S/N:
Tech: 
Date:
Comments: 
","HP Reverb G2 ","HP127","HP127",,"Pulseworks Shop",,,,"Assets","","",,"",,"","","",,,,,"01/23/2026 11:12 AM","Operational",,"","","","",,
"pBN4RxJhEL","Headset HP HP128","Headset Type: HP Reverb G2
Make: HP
S/N:
Tech: 
Date:
Comments: 
","HP Reverb G2 ","HP128","HP128",,"Pulseworks Shop",,,,"Assets","","",,"",,"","","",,,,,"01/23/2026 11:13 AM","Operational",,"","","","",,
"idy1tZm0zb","Headset HP HP129","Headset Type: HP Reverb G2
Make: HP
S/N:
Tech: 
Date:
Comments:","HP Reverb G2 ","HP129","HP129",,"Pulseworks Shop",,,,"Assets","","",,"",,"","","",,,,,"03/16/2026 08:58 AM","Operational",,"","","","",,
"LB3Urmz1uZ","Headset HP HP130","Headset Type: HP Reverb G2

Make: HP

S/N:HP130

Tech: Ethen/Miheer

Date:5/29/25

Comments: Used Headset
","HP Reverb G2","HP130",,,"Pulseworks Shop",,,,"Assets","","",,"",,"","","",,,,,"07/13/2026 01:20 PM","Operational",,"","","","",,
"ZaqwygeMPP","Headset HP HP131","Headset Type: HP Reverb G2

Make: HP

S/N:HP131

Tech: Ethen/Miheer

Date:5/29/25

Comments: Used Headset","HP Reverb G2","HP131",,,"Pulseworks Shop",,,,"Assets","","",,"",,"","","",false,,,,"07/13/2026 01:39 PM","Operational",,"","","","",,
"7cupxKnqOb","Headset HP HP132","Headset Type: HP Reverb G2

Make: HP

S/N:HP132

Tech: Ethen/Miheer

Date:5/29/25

Comments: Used Headset","HP Reverb G2","HP132",,,"Pulseworks Shop",,,,"Assets","","",,"",,"","","",false,,,,"07/13/2026 01:40 PM","Operational",,"","","","",,
"1hyDj4WbKo","Headset HP HP133","Headset Type: HP Reverb G2

Make: HP

S/N:HP133

Tech: Ethen/Miheer

Date:5/29/25

Comments: Used Headset","HP Reverb G2","HP133",,,"Pulseworks Shop",,,,"Assets","","",,"",,"","","",,,,,"07/13/2026 01:41 PM","Operational",,"","","","",,
"OhxgMmFQLU","Headset HP HP134","Headset Type: HP Reverb G2

Make: HP

S/N:HP134

Tech: Ethen/Miheer

Date:5/29/25

Comments: Used Headset","HP Reverb G2","HP134","","","MSI-Museum of Science and Industry","",,,"Assets","","",,"",,"","","",false,,"","","07/13/2026 01:43 PM","Operational",,"","","","",,
"GrUvCKpx7z","Headset HP HP135","Headset Type: HP Reverb G2

Make: HP

S/N:HP135

Tech: Ethen/Miheer

Date:5/29/25

Comments: Used Headset","HP Reverb G2","HP135",,,"Pulseworks Shop",,,,"Assets","","",,"",,"","","",,,,,"07/13/2026 01:49 PM","Operational",,"","","","",,
"hthRdepVi1","Headset HP HP136","Headset Type: HP Reverb G2
Make: HP
S/N: HP136
Tech: Ethen/Miheer
Date:5/29/25
Comments: Used Headset
","HP Reverb G2","HP136",,,"Pulseworks Shop",,,,"Assets","","",,"",,"","","",,,,,"07/23/2026 12:27 PM","",,"","","","",,
"nWneDPBLT3","Headset HP HP137","Headset Type: HP Reverb G2
Make: HP
S/N: HP137
Tech: Ethen/Miheer
Date:5/29/25
Comments: Used Headset
","HP Reverb G2","HP137",,,"Pulseworks Shop",,,,"Assets","","",,"",,"","","",,,,,"07/23/2026 12:28 PM","",,"","","","",,
"KvbNioKE0s","Headset Quest 3 Q3S001","Headset Type: Meta Quest 3
Make: Meta
S/N:
Tech: Hanna
Date:5/1/26
Comments: Used Headset","Meta Quest 3","Q3S001","Q3S001",,"FMNH-Field Museum of Natural History",,,,"Assets","","",,"",,"","","",,,,,"05/12/2026 08:39 AM","Operational",,"","","","",,
"tbeyTim7wi","Headset Quest 3 Q3S002","Headset Type: Meta Quest 3
Make: Meta
S/N:
Tech: Hanna
Date:5/1/26
Comments: Used Headset","Meta Quest 3","Q3S002","Q3S002",,"FMNH-Field Museum of Natural History",,,,"Assets","","",,"",,"","","",false,,,,"05/12/2026 08:44 AM","Operational",,"","","","",,
"UV5RBm4Bpq","Headset Quest 3 Q3S003","Headset Type: Meta Quest 3
Make: Meta
S/N:
Tech: Hanna
Date:5/1/26
Comments: Used Headset","Meta Quest 3","Q3S003","Q3S003",,"FMNH-Field Museum of Natural History",,,,"Assets","","",,"",,"","","",false,,,,"05/12/2026 08:44 AM","Operational",,"","","","",,
"SDexgZrbbl","Headset Quest 3 Q3S004","Headset Type: Meta Quest 3
Make: Meta
S/N:
Tech: Hanna
Date:5/1/26
Comments: Used Headset","Meta Quest 3","Q3S004","Q3S004",,"FMNH-Field Museum of Natural History",,,,"Assets","","",,"",,"","","",false,,,,"05/12/2026 08:44 AM","Operational",,"","","","",,
"TLBJYwbQcs","Headset Quest 3 Q3S005","Headset Type: Meta Quest 3
Make: Meta
S/N:
Tech: Hanna
Date:5/1/26
Comments: Used Headset","Meta Quest 3","Q3S005","Q3S005",,"FMNH-Field Museum of Natural History",,,,"Assets","","",,"",,"","","",false,,,,"05/12/2026 08:44 AM","Operational",,"","","","",,
"awMXdrv4fk","Headset Quest 3 Q3S006","Headset Type: Meta Quest 3
Make: Meta
S/N:
Tech: Hanna
Date:5/1/26
Comments: Used Headset","Meta Quest 3","Q3S006","Q3S006",,"FMNH-Field Museum of Natural History",,,,"Assets","","",,"",,"","","",false,,,,"05/12/2026 08:44 AM","Operational",,"","","","",,
"aQnAHhNgik","Headset Quest 3 Q3S007","Headset Type: Meta Quest 3
Make: Meta
S/N:
Tech: Hanna
Date:5/1/26
Comments: Used Headset","Meta Quest 3","Q3S007","Q3S007",,"FMNH-Field Museum of Natural History",,,,"Assets","","",,"",,"","","",false,,,,"05/12/2026 08:44 AM","Operational",,"","","","",,
"xFtGaks36O","Headset Quest 3 Q3S008","Headset Type: Meta Quest 3
Make: Meta
S/N:
Tech: Hanna
Date:5/1/26
Comments: Used Headset","Meta Quest 3","Q3S008","Q3S008",,"FMNH-Field Museum of Natural History",,,,"Assets","","",,"",,"","","",false,,,,"05/12/2026 08:44 AM","Operational",,"","","","",,
"nBV8HTfSYc","Headset Quest 3 Q3S009","Headset Type: Meta Quest 3
Make: Meta
S/N:
Tech: Hanna
Date:5/1/26
Comments: Used Headset","Meta Quest 3","Q3S009","Q3S009",,"FMNH-Field Museum of Natural History",,,,"Assets","","",,"",,"","","",false,,,,"05/12/2026 08:44 AM","Operational",,"","","","",,
"sOf5bVNGsI","Headset Quest 3 Q3S010","Headset Type: Meta Quest 3
Make: Meta
S/N:
Tech: Hanna
Date:5/1/26
Comments: Used Headset","Meta Quest 3","Q3S010","Q3S010",,"FMNH-Field Museum of Natural History",,,,"Assets","","",,"",,"","","",false,,,,"05/12/2026 08:44 AM","Operational",,"","","","",,
"hUvNFZFiKp","Headset Vive Cosmos HC001","Headset Type: Vive Cosmos
Make: Vive
S/N:FA1178600092
Tech:
Date:3/4/25
Comments: Used Headset","Vive Cosmos","HC001",,,"Pulseworks Shop",,,,"Assets","","",,"",,"","","",false,,,,"03/31/2025 08:15 AM","Operational",,"","","","",,
"04yGf1RUff","Headset Vive Cosmos HC002","Headset Type: Vive Cosmos
Make: Vive
S/N:FA1182600342
Tech:
Date:3/4/25
Comments: Used Headset","Vive Cosmos","HC002",,,"Alabama- USS Alabama Battleship (FANA)",,,,"Assets","","",,"",,"","","",false,,,,"03/31/2025 08:15 AM","Operational",,"","","","",,
"BdHuc2Vwfr","Headset Vive Cosmos HC003","Headset Type: Vive Cosmos Make: Vive S/N:FA1182600188 Tech: Date:3/4/25 Comments: Used Headset","Vive Cosmos","HC003","","","Pulseworks Shop","",,,"Assets","","",,"",,"","","",false,,"","","03/31/2025 08:15 AM","Operational",,"","","","",,
"KrCpZwp1cr","Headset Vive Cosmos HC004","Headset Type: Vive Cosmos
Make: Vive
S/N:FA1102600055
Tech:
Date:3/4/25
Comments: Used Headset","Vive Cosmos","HC004",,,"Alabama- USS Alabama Battleship (FANA)",,,,"Assets","","",,"",,"","","",false,,,,"03/31/2025 08:15 AM","Operational",,"","","","",,
"HMbARjlJF6","Headset Vive Cosmos HC005","Headset Type: Vive Cosmos
Make: Vive
S/N:FA04M2600239
Tech:
Date:3/4/25
Comments: Used Headset","Vive Cosmos","HC005",,,"Pulseworks Shop",,,,"Assets","","",,"",,"","","",false,,,,"03/31/2025 08:15 AM","Operational",,"","","","",,
"VFg3WAdelp","Headset Vive Cosmos HC006","Headset Type: Vive Cosmos
Make: Vive
S/N:FA99VAM00312
Tech:
Date:3/4/25
Comments: Used Headset","Vive Cosmos","HC006",,,"Pulseworks Shop",,,,"Assets","","",,"",,"","","",false,,,,"03/31/2025 08:15 AM","Operational",,"","","","",,
"MDu9BWhyY7","Headset Vive Cosmos HC007","Headset Type: Vive Cosmos
Make: Vive
S/N:FA99TAM00346
Tech:
Date:3/4/25
Comments: Used Headset","Vive Cosmos","HC007",,,"Pulseworks Shop",,,,"Assets","","",,"",,"","","",false,,,,"03/31/2025 08:15 AM","Operational",,"","","","",,
"kcVv84fr9a","Headset Vive Cosmos HC009","Headset Type: Vive Cosmos
Make: Vive
S/N:FA98FAM00161
Tech:
Date:3/4/25
Comments: Used Headset","Vive Cosmos","HC009",,,"Pulseworks Shop",,,,"Assets","","",,"",,"","","",false,,,,"03/31/2025 08:15 AM","Operational",,"","","","",,
"Es6FgnEqpb","Headset Vive Cosmos HC010","Headset Type: Vive Cosmos
Make: Vive
S/N:FA99VAM00270
Tech:
Date:3/4/25
Comments: Used Headset","Vive Cosmos","HC010",,,"Alabama- USS Alabama Battleship (FANA)",,,,"Assets","","",,"",,"","","",false,,,,"03/31/2025 08:15 AM","Operational",,"","","","",,
"WwhxhGfgcA","Headset Vive Cosmos HC011","Headset Type: Vive Cosmos
Make: Vive
S/N:FA972AM00838
Tech:
Date:3/4/25
Comments: Used Headset","Vive Cosmos","HC011",,,"Pulseworks Shop",,,,"Assets","","",,"",,"","","",false,,,,"03/31/2025 08:15 AM","Operational",,"","","","",,
"gt21ateN06","Headset Vive Cosmos HC012","Headset Type: Vive Cosmos
Make: Vive
S/N:FA96HAM00150
Tech:
Date:3/4/25
Comments: Used Headset","Vive Cosmos","HC012",,,"Pulseworks Shop",,,,"Assets","","",,"",,"","","",false,,,,"03/31/2025 08:15 AM","Operational",,"","","","",,
"bGHASU6RGx","Headset Vive Cosmos HC013","Headset Type: Vive Cosmos
Make: Vive
S/N:
Tech:Lance
Date:6/6/25
Comments: New Headset
","Vive Cosmos","HC013",,,"Pulseworks Shop",,,,"Assets","","",,"",,"","","",false,,,,"06/06/2025 01:43 PM","Operational",,"","","","",,
"obKEtQPSvG","Headset Vive Cosmos HC014","Headset Type: Vive Cosmos
Make: Vive
S/N:
Tech:
Date:6/6/25
Comments: New Headset
","Vive Cosmos","HC014",,,"Pulseworks Shop",,,,"Assets","","",,"",,"","","",false,,,,"06/06/2025 01:44 PM","Operational",,"","","","",,
"0HOkU7Ess6","Headset Vive Cosmos HC015","Headset Type: Vive Cosmos
Make: Vive
S/N:
Tech: Lance
Date:6/6/25
Comments: Used Headset
","Vive Cosmos","HC015",,,"Pulseworks Shop",,,,"Assets","","",,"",,"","","",,,,,"06/06/2025 01:46 PM","Operational",,"","","","",,
"2u9Ni7shAz","Headset Vive Cosmos HC016","Headset Type: Vive Cosmos
Make: Vive
S/N:
Tech: Lance
Date:6/10/25
Comments: New Headset","Vive Cosmos","HC016",,,"Pulseworks Shop",,,,"Assets","","",,"",,"","","",false,,,,"06/10/2025 10:59 AM","Operational",,"","","","",,
"qHjHdY697c","Headset Vive Cosmos HC017","Headset Type: Vive Cosmos 
Make: Vive 
S/N: 
Tech: Lance 
Date:6/10/25 
Comments: New Headset","Vive Cosmos","HC017",,,"Pulseworks Shop",,,,"Assets","","",,"",,"","","",false,,,,"06/10/2025 11:02 AM","Operational",,"","","","",,
"zHbGIipf4k","Headset Vive Cosmos HC018","Headset Type: Vive Cosmos
Make: Vive
S/N:
Tech: Lance
Date:6/10/25
Comments: New Headset","Vive Cosmos","HC018",,,"Alabama- USS Alabama Battleship (FANA)",,,,"Assets","","",,"",,"","","",false,,,,"06/10/2025 11:03 AM","Operational",,"","","","",,
"SMsvikRv6l","Headset Vive Cosmos HC019","Headset Type: Vive Cosmos
Make: Vive
S/N:
Tech: Lance
Date:6/27/25
Comments: New Headset (6/27)","Vive Cosmos","HC019",,,"Pulseworks Shop",,,,"Assets","","",,"",,"","","",false,,,,"06/27/2025 07:38 AM","Operational",,"","","","",,
"zfTGoOv9Er","Headset Vive Cosmos HC020","Headset Type: Vive Cosmos
Make: Vive
S/N:
Tech: Lance
Date:6/27/25
Comments: New Headset","Vive Cosmos","HC020",,,"Pulseworks Shop",,,,"Assets","","",,"",,"","","",false,,,,"06/27/2025 07:39 AM","Operational",,"","","","",,
"XCoEqFnRXy","Headset Vive Cosmos HC021","Headset Type: Vive Cosmos
Make: Vive
S/N:
Tech: Lance
Date:6/10/25
Comments: New Headset","Vive Cosmos","HC021",,"","Pulseworks Shop",,,,"Assets","","",,"",,"","","",false,,"","","06/27/2025 07:40 AM","Operational",,"","","","",,
"pcaLeQvO11","Headset Vive Cosmos HC022","Headset Type: Vive Cosmos
Make: Vive
S/N:
Tech:
Date:
Comments: Used Headset
","Vive Cosmos","HC022","HC022",,"Pulseworks Shop",,,,"Assets","","",,"",,"","","",false,,,,"01/07/2026 08:24 AM","Operational",,"","","","",,
"IVmEmKFALI","Headset Vive Cosmos HC023","Headset Type: Vive Cosmos
Make: Vive
S/N:
Tech:
Date:
Comments: Used Headset
","Vive Cosmos","HC023","HC023",,"Pulseworks Shop",,,,"Assets","","",,"",,"","","",,,,,"03/30/2026 11:55 AM","Operational",,"","","","",,
"06xoEFFxDC","Headset Vive Cosmos HC024","Headset Type: Vive Cosmos
Make: Vive
S/N:
Tech: Lance
Date: 7/25/25
Comments: Used Headset","Vive Cosmos","HC024",,,"Pulseworks Shop",,,,"Assets","","",,"",,"","","",,,,,"07/25/2025 11:56 AM","Operational",,"","","","",,
"f89OP1Nh90","Headset Vive Cosmos HC028","Headset Type: Vive Cosmos
Make: Vive
Tech: 
Date:
Comments:","Vive Cosmos","HC028",,,"Pulseworks Shop",,,,"Assets","","",,"",,"","","",,,,,"08/19/2025 08:10 AM","Operational",,"","","","",,
"dO9QWPABjA","Headset Vive Cosmos HC029","Headset Type: Vive Cosmos
Make: Vive
S/N:
Tech:
Date:
Comments: Used Headset
","Vive Cosmos","HC029","HC029",,"Pulseworks Shop",,,,"Assets","","",,"",,"","","",,,,,"10/14/2025 01:46 PM","Operational",,"","","","",,
"PFG8DfCZBE","Headset Vive Cosmos HC030","Headset Type: Vive Cosmos
Make: Vive
S/N:
Tech:
Date:
Comments: Used Headset
","Vive Cosmos","HC030","HC030",,"Pulseworks Shop",,,,"Assets","","",,"",,"","","",,,,,"10/14/2025 01:47 PM","Operational",,"","","","",,
"y6jw4MSBtC","Headset Vive Cosmos HC031","Headset Type: Vive Cosmos
Make: Vive
S/N:
Tech:
Date:
Comments: Used Headset
","Vive Cosmos","HC031","HC031",,"Pulseworks Shop",,,,"Assets","","",,"",,"","","",false,,,,"10/14/2025 01:48 PM","Operational",,"","","","",,
"1jh1oR5shk","Headset Vive Cosmos HC032","Headset Type: Vive Cosmos
Make: Vive
S/N:
Tech:
Date:
Comments: Used Headset
","Vive Cosmos","HC032","HC032",,"Pulseworks Shop",,,,"Assets","","",,"",,"","","",,,,,"11/13/2025 02:31 PM","Operational",,"","","","",,
"X21i6i3wpF","Headset Vive Cosmos HC033","Headset Type: Vive Cosmos
Make: Vive
S/N:
Tech:
Date:
Comments: Used Headset
","Vive Cosmos","HC033","HC033",,"Pulseworks Shop",,,,"Assets","","",,"",,"","","",,,,,"11/13/2025 02:33 PM","Operational",,"","","","",,
"EL4qqSnLx7","Headset Vive Cosmos HC034","Headset Type: Vive Cosmos
Make: Vive
S/N:
Tech:
Date:
Comments: Used Headset
","Vive Cosmos","HC034","HC034",,"Pulseworks Shop",,,,"Assets","","",,"",,"","","",,,,,"12/24/2025 08:28 AM","Operational",,"","","","",,
"bJIhIwWGk5","Headset Vive Cosmos HC035","Headset Type: Vive Cosmos
Make: Vive
S/N:
Tech:
Date:
Comments: ","Vive Cosmos","HC035","HC035",,"Pulseworks Shop",,,,"Assets","","",,"",,"","","",,,,,"03/16/2026 08:25 AM","Operational",,"","","","",,
"g2iMdYGPhQ","Headset Vive Pro VP001","Headset Type: Vive Pro
Make: Vive Pro
S/N:FA4562V00329
Tech:
Date:3/4/25
Comments: New Headset","Vive Pro","VP001",,,"GAAQ-Georgia Aquarium",,,,"Assets","","",,"",,"","","",false,,,,"03/28/2025 08:43 AM","Operational",,"","","","",,
"8LVbaDZgFR","Headset Vive Pro VP002","Headset Type: Vive Pro
Make: Vive Pro
S/N:FA45F2V00102
Tech:
Date:3/4/25
Comments: New Headset","Vive Pro","VP002",,"","GAAQ-Georgia Aquarium",,,,"Assets","","",,"",,"","","",false,,"","","03/28/2025 08:43 AM","Operational",,"","","","",,
"g2b7GHyw1K","Headset Vive Pro VP003","Headset Type: Vive Pro
Make: Vive Pro
S/N:FA45F2V00078
Tech:
Date:3/4/25
Comments: New Headset","Vive Pro","VP003",,,"GAAQ-Georgia Aquarium",,,,"Assets","","",,"",,"","","",false,,,,"03/28/2025 08:43 AM","Operational",,"","","","",,
"L7ty2hDpAr","Headset Vive Pro VP004","Headset Type: Vive Pro
Make: Vive Pro
S/N:FA45F2V00148
Tech:
Date:3/4/25
Comments: New Headset","Vive Pro","VP004",,,"Pulseworks Shop",,,,"Assets","","",,"",,"","","",,,,,"03/28/2025 08:43 AM","Operational",,"","","","",,
"2POOnEdz7D","Headset Vive Pro VP005","Headset Type: Vive Pro
Make: Vive Pro
S/N:FA45F2V00248
Tech:
Date:3/4/25
Comments: New Headset","Vive Pro","VP005",,,"Pulseworks Shop",,,,"Assets","","",,"",,"","","",false,,,,"03/28/2025 08:43 AM","Operational",,"","","","",,
"Jw3etjUC2P","Headset Vive Pro VP006","Headset Type: Vive Pro
Make: Vive Pro
S/N:FA4562V00284
Tech:
Date:3/4/25
Comments: New Headset","Vive Pro","VP006",,"","Pulseworks Shop",,,,"Assets","","",,"",,"","","",false,,"","","03/28/2025 08:43 AM","Operational",,"","","","",,
"R7Q2y64X6C","Headset Vive Pro VP007","Headset Type: Vive Pro
Make: Vive Pro
S/N:FA45F2V00437
Tech:
Date:3/4/25
Comments: New Headset","Vive Pro","VP007",,,"Pulseworks Shop",,,,"Assets","","",,"",,"","","",,,,,"03/28/2025 08:43 AM","Operational",,"","","","",,
"Siy4zcvcdF","Headset Vive Pro VP008","Headset Type: Vive Pro
Make: Vive Pro
S/N:FA99TAM00572
Tech:
Date:3/4/25
Comments: New Headset","Vive Pro","VP008",,,"Pulseworks Shop",,,,"Assets","","",,"",,"","","",false,,,,"03/28/2025 08:43 AM","Operational",,"","","","",,
"paQkYW3MpE","Headset Vive Pro VP009","Headset Type: Vive Pro
Make: Vive Pro
S/N: FA99TAM00191
Tech: Hugo
Date:3/6/25
Comments: New Headset","Vive Pro","VP009",,,"Pulseworks Shop",,,,"Assets","","",,"",,"","","",false,,,,"03/20/2025 07:40 AM","Operational",,"","","","",,
"7u67MFxo50","Headset Vive Pro VP010","Headset Type: Vive Pro
Make: Vive Pro
S/N: FA4SF2V00226
Tech: Hugo
Date:3/6/25
Comments: New Headset","Vive Pro","VP010",,,"Pulseworks Shop",,,,"Assets","","",,"",,"","","",false,,,,"03/20/2025 07:42 AM","Operational",,"","","","",,
"YAPhu6EnB5","Headset Vive Pro VP011","Headset Type: Vive Pro
Make: Vive Pro
S/N: FA99VAM00277
Tech: Hugo
Date:3/6/25
Comments: New Headset","Vive Pro","VP011",,,"GAAQ-Georgia Aquarium",,,,"Assets","","",,"",,"","","",false,,,,"03/20/2025 07:44 AM","Operational",,"","","","",,
"sf4BVC4JYo","Headset Vive Pro VP012","Headset Type: Vive Pro
Make: Vive Pro
S/N: FA99TAM00602
Tech: Hugo
Date:3/6/25
Comments: New Headset","Vive Pro","VP012",,,"Pulseworks Shop",,,,"Assets","","",,"",,"","","",false,,,,"03/20/2025 07:46 AM","Operational",,"","","","",,
"ZPbUuJjjWN","Headset Vive Pro VP013","Headset Type: Vive Pro
Make: Vive Pro
S/N: FA99TAM00185
Tech: Hugo
Date:3/6/25
Comments: New Headset","Vive Pro","VP013","","","GAAQ-Georgia Aquarium","",,,"Assets","","",,"",,"","","",false,,"","","03/20/2025 07:47 AM","Operational",,"","","","",,
"0brHUAGs38","Headset Vive Pro VP014","Headset Type: Vive Pro
Make: Vive Pro
S/N: FA988AM00408
Tech: Hugo
Date:3/6/25
Comments: New Headset","Vive Pro","VP014",,,"Pulseworks Shop",,,,"Assets","","",,"",,"","","",false,,,,"03/20/2025 07:49 AM","Operational",,"","","","",,
"gwvqkjHo8R","Headset Vive Pro VP015","Headset Type: Vive Pro
Make: Vive Pro
S/N:
Tech: Ethen
Date:5/29/25
Comments: New Headset","Vive Pro","VP015",,,"GAAQ-Georgia Aquarium",,,,"Assets","","",,"",,"","","",false,,,,"05/29/2025 02:08 PM","Operational",,"","","","",,
"c749SFSAQ9","Headset Vive Pro VP016","Headset Type: Vive Pro
Make: Vive Pro
S/N:
Tech: Lance
Date:6/27/25
Comments: New Headset","Vive Pro","VP016",,,"GAAQ-Georgia Aquarium",,,,"Assets","","",,"",,"","","",false,,,,"06/27/2025 08:44 AM","Operational",,"","","","",,
"jAEr1ueIj9","Headset Vive Pro VP017","Headset Type: Vive Pro
Make: Vive Pro
S/N:
Tech: Oscar
Date:3/29/25
Comments: New Headset
","Vive Pro","VP017",,,"Pulseworks Shop",,,,"Assets","","",,"",,"","","",false,,,,"07/03/2025 05:57 AM","Operational",,"","","","",,
"HgadBqbEbW","Headset Vive Pro VP018","Headset Type: Vive Pro
Make: Vive
Tech: 
Date:
Comments:","Vive Pro","VP018",,,"Pulseworks Shop",,,,"Assets","","",,"",,"","","",,,,,"08/19/2025 08:10 AM","Operational",,"","","","",,
"EB2ulX5qVF","Headset Vive Pro VP019","Headset Type: Vive Pro
Make: Vive
Tech: 
Date:
Comments:","Vive Pro","VP019",,,"Pulseworks Shop",,,,"Assets","","",,"",,"","","",false,,,,"08/19/2025 08:10 AM","Operational",,"","","","",,
"gTzGkrLTp9","Headset Vive Pro VP020","Headset Type: Vive Pro
Make: Vive Pro
S/N: 
Tech: 
Date:
Comments:
","Vive Pro","VP020","VP020",,"Pulseworks Shop",,,,"Assets","","",,"",,"","","",,,,,"09/17/2025 05:41 AM","Operational",,"","","","",,
"3R8joi4alG","Headset Vive Pro VP021","Headset Type: Vive Pro
Make: Vive Pro
S/N: 
Tech: Grant
Date:11/3/25
Comments:New Headset","Vive Pro","VP021","VP021",,"GAAQ-Georgia Aquarium",,,,"Assets","","",,"",,"","","",false,,,,"10/14/2025 01:40 PM","Operational",,"","","","",,
"7bh31LcDNp","Headset Vive Pro VP022","Headset Type: Vive Pro
Make: Vive Pro
S/N: 
Tech: Grant
Date:11/3/25
Comments:New Headset
","Vive Pro","VP022","VP022",,"Pulseworks Shop",,,,"Assets","","",,"",,"","","",false,,,,"10/14/2025 01:41 PM","Operational",,"","","","",,
"wSvFwf80Hu","Headset Vive Pro VP023","Headset Type: Vive Pro
Make: Vive Pro
S/N: 
Tech: Grant
Date:11/3/25
Comments:New Headset
","Vive Pro","VP023","VP023",,"Pulseworks Shop",,,,"Assets","","",,"",,"","","",,,,,"10/14/2025 01:42 PM","Operational",,"","","","",,
"UB8Lv8Napx","Headset Vive Pro VP024","Headset Type: Vive Pro
Make: Vive Pro
S/N: 
Tech: Grant
Date:11/3/25
Comments:New Headset
","Vive Pro","VP024","VP024","","Pulseworks Shop","",,,"Assets","","",,"",,"","","",false,,"","","10/14/2025 01:43 PM","Operational",,"","","","",,
"ZsiW1wWB7F","Headset Vive Pro VP025","Headset Type: Vive Pro
Make: Vive Pro
S/N: 
Tech: Grant
Date:11/3/25
Comments:New Headset
","Vive Pro","VP025","VP025",,"Pulseworks Shop",,,,"Assets","","",,"",,"","","",,,,,"03/03/2026 09:59 AM","Operational",,"","","","",,
"DssYyYEDV5","Headset Vive Pro VP026","Headset Type: Vive Pro
Make: Vive Pro
S/N: 
Tech: Grant
Date:11/3/25
Comments:New Headset
","Vive Pro","VP026","VP026",,"Pulseworks Shop",,,,"Assets","","",,"",,"","","",,,,,"03/03/2026 11:01 AM","Operational",,"","","","",,
"YDz9LXIAvL","MMB001","MediaMation motion base with Pico G3 headsets","MMX4D","MMX4D03512","MMB002",,"Brevard Zoo",,,,"Assets","","05/19/2026",,"",,"","","",false,,,,"05/18/2026 01:22 PM","Operational",,"","","","",,
"aWLBkK1QJ5","MMB002","MediaMation Motion base with Pico G3 headsets","MMX4D","MMX4D03513","MMB002",,"Brevard Zoo",,,,"Assets","","05/19/2026",,"",,"","","",false,,,,"05/18/2026 01:23 PM","Operational",,"","","","",,
"Xk2Hd1EdX0","MMB003","MediaMation motion base with Pico G3 headsets","MMX4D","MMX4D03514","MMB003",,"Pulseworks Shop",,,,"Assets","","",,"",,"","","",false,,,,"05/18/2026 01:24 PM","Operational",,"","","","",,
"CR4sQlMMBK","Mini PC Mini016","NUC computer, . 
Simulator Type : 
Windows Version : 11 Pro
Control Software Installed : 
Power Supply : 120w
Motherboard :  
GPU : 
CPU : i5-1240P
RAM : 16GB
Galil : N/A
Date : 7-15-2026
Other Software Installed : ","NUC12WSBi5","Mini016","Mini016",,"Pulseworks Shop",,,,"Assets","","",,"",,"","","",,,,,"07/15/2026 01:42 PM","Operational",,"","","","",,
"yPcd1QGz2J","Misc Equipment -DC ZOO","Additional equipment not simulators
Decommissioned in Feb/2026 after site deinstallation.",,,,,,,,,,"","",,"",,"","","",false,,,,"03/20/2024 03:14 PM","Operational",,"","","","",,
"FNtUQupnz4","Miscellaneous Equipment - ARMY","Anything not pertaining to the simulator: video players  ada stations  training stations  marketing monitors  cleaning supplies etc.
decommissioned in 2026.",,,"ARMY-Misc",,,,,,,"","",,"",0,"","","",false,,,,"10/19/2020 09:28 AM","",,"","","","",,
"VVO4QqPFd6","Miscellaneous Equipment Alabama","Anything not pertaining to the simulator: video players  ada stations  training stations  marketing monitors  time clocks  office pcs etc.",,,,,"Alabama- USS Alabama Battleship (FANA)",,,,,"","",,"",0,"","","",false,,,,"01/12/2021 09:49 AM","",,"","USS Alabama","","",,
"KBjpVCZoPu","Miscellaneous Equipment COSI","Anything not pertaining to the simulator: video players  ada stations  training stations  marketing monitors  time clocks  office pcs etc.
Decommissioned in 2026, after site deinstallation.",,,"COSI-Misc",,,,,"mbrubaker@cosi.org",,"","",,"",0,"","","",false,,,,"08/29/2019 06:28 AM","",,"","COSI","","",,
"QPWSxYMcXj","Miscellaneous Equipment CSC","Anything not pertaining to the simulator: video players  ada stations  training stations  marketing monitors  time clocks  office pcs etc.",,,,,"CSC-California Science Center",,,,,"","",,"",0,"","","",,,,,"08/29/2019 06:29 AM","",,"","CSC","","",,
"xHnXmKvBhR","Miscellaneous Equipment DMNS","Anything not pertaining to the simulator: video players  ada stations  training stations  marketing monitors  time clocks  office pcs etc.",,,"DMNS-Misc",,,,,,,"","",,"",0,"","","",,,,,"08/29/2019 06:30 AM","",,"","DENVER ","","",,
"SlW1fqFQqM","Miscellaneous Equipment FLEET","Anything not pertaining to the simulator: video players  ada stations  training stations  marketing monitors  time clocks  office pcs etc.
Philips headphones, Oculus headsets (5/10/22)
Decommissioned in 2025.",,,,,,,,,,"","",,"",0,"","","",false,,,,"08/29/2019 06:30 AM","",,"","","","",,
"ko9Z0HIkKI","Miscellaneous Equipment FMNH","Anything not pertaining to the simulator: video players  ada stations  training stations  marketing monitors  time clocks  office pcs etc.",,,"FMNH-Misc",,"FMNH-Field Museum of Natural History",,,"djohnson@pulseworksops.com",,"","",,"",0,"","","",false,,,,"08/29/2019 06:30 AM","",,"","Chicago ","","",,
"ZmioMgpnoF","Miscellaneous Equipment HAZY","Anything not pertaining to the simulator: video players  ada stations  training stations  marketing monitors  time clocks  office pcs etc.",,,"HAZY-Misc",,"HAZY-Steven F. Udvar-Hazy Center",,,"mnorris@pulseworks.com",,"","",,"",0,"","","",,,,,"08/29/2019 06:31 AM","",,"","DC","","",,
"mokuKgUH1i","Miscellaneous Equipment Hornet","Anything not pertaining to the simulator: video players  ada stations  training stations  marketing monitors  time clocks  office pcs etc.",,,,,"Hornet- USS Hornet Sea Air & Space Museum (FANA)",,,,,"","",,"",0,"","","",,,,,"01/12/2021 09:47 AM","",,"","HORNET","","",,
"HAL5iRpG4K","Miscellaneous Equipment Intrepid","Anything not pertaining to the simulator: video players  ada stations  training stations  marketing monitors  time clocks  office pcs etc.",,,,,"Intrepid - Intrepid Sea Air & Space Museum (FANA)",,,,,"","",,"",0,"","","",,,,,"01/12/2021 09:45 AM","",,"","INTREPID","","",,
"XkRDx9vCkJ","Miscellaneous Equipment LEX","Anything not pertaining to the simulator: video players, ADA stations, training stations, marketing monitors, time clocks, office PCs etc.

RIDGID Shop Vac, Model: HD1600, SN: 21251R121126
APC BX1500M, SN: 3B2115X6621",,,,,"LEX-USS Lexington Museum (FANA)",,,"atibbs@pulseworksops.com",,"","",,"",0,"","","",false,,,,"01/12/2021 09:49 AM","",,"","LEX","","",,
"GMINzS3AUU","Miscellaneous Equipment LSC","Anything not pertaining to the simulator: video players  ada stations  training stations  marketing monitors  time clocks  office pcs etc.",,,,,"LSC-Liberty Science Center",,,"exhibitmaintenance@lsc.org",,"","",,"",0,"","","",,,,,"08/29/2019 06:31 AM","",,"","","","",,
"EOlBEtaqPx","Miscellaneous Equipment MOF","Anything not pertaining to the simulator: video players  ada stations  training stations  marketing monitors  time clocks  office pcs etc.",,,,,"MOF-Museum of Flight",,,,,"","",,"",0,"","","",,,,,"08/29/2019 06:32 AM","",,"","MOF","","",,
"gD2oxE32d5","Miscellaneous Equipment MOSI","Anything not pertaining to the simulator: video players  ada stations  training stations  marketing monitors  time clocks  office pcs etc.",,,,,"MOSI Tampa",,,,,"","",,"",0,"","","",,,,,"08/29/2019 06:32 AM","",,"MOSI-Blue Spot Light","MOSI","","",,
"sxxHaaQgFa","Miscellaneous Equipment MSI","Anything not pertaining to the simulator: video players,  ada stations,  training stations,  marketing monitors,  time clocks,  office pcs etc.

Projectors (as of 4/22/22):
PowerLite 1751 / H479A (x1 working, x1 for parts), Bulb: ELPLP65
PowerLite 1781W / H794A (x1 new, x2 used), Bulb: ELPLP94",,,"MSI-Misc",,"MSI-Museum of Science and Industry",,,"djohnson@pulseworksops.com",,"","",,"",0,"","","",false,,,,"08/29/2019 06:32 AM","",,"","Chicago ","","",,
"JYEp5On11l","Miscellaneous Equipment Midway","Anything not pertaining to the simulator: video players  ada stations  training stations  marketing monitors  time clocks  office pcs etc.",,,"Midway-Misc",,"Midway - USS Midway Museum (FANA)",,,"apejovich@pulseworksops.com",,"","",,"",0,"","","",false,,,,"01/12/2021 09:46 AM","Operational",,"","Midway ","","",,
"SRCnCMdfsV","Miscellaneous Equipment OMSI","Anything not pertaining to the simulator: video players  ada stations  training stations  marketing monitors  time clocks  office pcs etc.",,,,,,,,,,"","",,"",0,"","","",,,,,"08/29/2019 06:34 AM","",,"","OMSI","","",,
"qBsc9Qdu01","Miscellaneous Equipment Patriots Point","Anything not pertaining to the simulator: video players  ada stations  training stations  marketing monitors  time clocks  office pcs etc.",,,,,"Patriots Point-Patriots Point Naval & Maritime Museum (FANA)",,,,,"","",,"",0,"","","",,,,,"01/12/2021 09:48 AM","",,"","Patriots Point","","",,
"ijdcfPlcoH","Miscellaneous Equipment Pensacola","Anything not pertaining to the simulator: video players  ada stations  training stations  marketing monitors  time clocks  office pcs etc.",,,,,"Pensacola-National Naval Aviation Museum (FANA)",,,,,"","",,"",0,"","","",,,,,"01/12/2021 09:48 AM","",,"","Pensacola","","",,
"dVmQDR8idn","Miscellaneous Equipment SCH","Anything not pertaining to the simulator: video players  ada stations  training stations  marketing monitors  time clocks  office pcs etc.",,,"SCH-Misc",,"SCH-Space Center Houston",,,"systems@spacecenter.org",,"","",,"",0,"","","",,,,,"08/29/2019 06:34 AM","",,"","SCH Staff","","",,
"reC01z1FQ2","Miscellaneous Equipment SLSC","Anything not pertaining to the simulator: video players  ada stations  training stations  marketing monitors  time clocks  office pcs etc.",,,,,"SLSC-St. Louis Science Center",,,"slsc@pulseworksops.com",,"","",,"",0,"","","",,,,,"08/29/2019 06:35 AM","",,"","SLSC","","",,
"VjVgF5mlCC","Miscellaneous Equipment USAFM","Anything not pertaining to the simulator: video players  ada stations  training stations  marketing monitors  time clocks  office pcs etc.",,,"USAFM-Misc",,"USAFM-National Museum of the United States Air Force",,,"nbuerschen@afmuseum.com",,"","",,"",0,"","","",,,,,"08/29/2019 06:36 AM","",,"","USAFM","","",,
"BBimQaYjWq","Miscellaneous Equipment-GAAQ","Anything not pertaining to the simulator: video players  ada stations  training stations  marketing monitors  time clocks  office pcs etc.",,,,,"GAAQ-Georgia Aquarium",,,,,"","",,"",0,"","","",false,,,,"08/29/2019 06:31 AM","",,"","GAAQ ","","",,
"EENXdvDRcD","Miscellaneous Equipment-MOA","Anything not pertaining to the simulator: video players  ada stations  training stations  marketing monitors  time clocks  office pcs etc.",,,,,"Museum of Aviation",,,,"Assets","","",,"",0,"","","",false,,,,"08/29/2019 06:33 AM","",,"","MOA","","",,
"7Ucpx3R4sS","Miscellaneous Equipment-USSRC","Anything not pertaining to the simulator: video players  ada stations  training stations  marketing monitors  time clocks  office pcs etc.",,,"USSRC-Misc",,"USSRC-U.S. Space and Rocket Center",,,"ussarc@pulseworksops.com",,"","",,"",0,"","","",,,,,"08/29/2019 06:36 AM","",,"","USSaRC","","",,
"OeWpwtEk1o","NMAH-Mat VR","NMAH-Gunboat single rack 15 quest 3s in the rack. 18 extra battery's was sended on June/26. The headsets needs to run 13 feet DITO and Gunboat. Mat size is 13 feet. Router Asus AX11000.","Mat VR 13 feet.","MT001","MT001",,"NMAH-National Museum of American History",,,,"Assets","","",,"",,"","","",false,,,,"03/20/2024 03:10 PM","Operational",,"","","","",,
"vaVxJuTk9z","PSB001","Pneumatic 4 seat VR motion base.
Manufactured 2022.
Installed with MSI TridentX VR PCs.
HP Reverb G2 headsets","PSB",,"PSB001",,"Midway - USS Midway Museum (FANA)",,,,,"","08/22/2022",,"",,"","","",,,,,"08/04/2022 08:39 AM","Operational",,"","Midway ","","",,
"45EXsrHzPo","PSB002","Pneumatic 4 seat VR motion base.
Manufactured 2022.
Installed with MSI TridentX VR PCs.
HP Reverb G2 headsets
","PSB",,"PSB002",,"Midway - USS Midway Museum (FANA)",,,,,"","08/22/2022",,"",,"","","",,,,,"08/04/2022 08:40 AM","Operational",,"","Midway ","","",,
"w9dkaFR3Z3","PSB003","Pneumatic 4 seat VR motion base.
Manufactured 2022.
Installed with MSI TridentX VR PCs.
HP Reverb G2 headsets
","PSB",,"PSB003",,"Midway - USS Midway Museum (FANA)",,,,,"","08/22/2022",,"",,"","","",,,,,"08/04/2022 08:40 AM","Operational",,"","Midway ","","",,
"uFR944xPZh","PSB004","Pneumatic 4 seat VR motion base
Manufactured 2022
Using MSI TridentX VR PCs
Using HP Reverb G2 Headsets
Using Arduino RP2040 MCU","PSB",,"PSB004",,"MOF-Museum of Flight",,,,,"","02/10/2023",,"",,"","","",,,,,"02/10/2023 02:19 PM","Operational",,"","MOF","","",,
"IpHrdNcrZ3","PSB005","Pneumatic 4 seat VR motion base
Manufactured 2022
Using MSI TridentX VR PCs
Using HP Reverb G2 Headsets
Using Arduino RP2040 MCU","PSB",,"PSB005",,"MOF-Museum of Flight",,,,,"","02/10/2023",,"",,"","","",,,,,"02/10/2023 02:20 PM","Operational",,"","MOF","","",,
"d6xblPcX1g","PW001","I360 Serial #PW001","PW001",,"PW001","","USAFM-National Museum of the United States Air Force",,,"nbuerschen@afmuseum.com",,"","",,"",0,"","","",false,,"","","09/01/2017 02:05 PM","",,"","USAFM","","",,
"pY1ntvrPqw","PW002",,"I360",,"PW002",,"Pulseworks Warehouse","",,"mnorris@pulseworks.com",,"","",,"",0,"","","",false,,,,"02/23/2017 01:59 PM","Out of Service/Not at site",,"","USSaRC","","",,
"0ytZyMcMtL","PW003","","I360",,"PW003","","Pulseworks Shop","Position 6",,,,"","",,"",0,"","","",,,,,"02/24/2017 10:09 AM","Out of Service/Not at site",,"","","","",,
"AcEGa7z6CJ","PW004","2nd Gen I360s Built for Air Race.  ABB Microflex drives and photo capture system","I360",,,,"Pulseworks Shop","CSC 3 Position 2",,,,"","",,"",0,"","","",false,,,,"02/23/2017 01:54 PM","",,"","","","",,
"ZNGlXc3BEC","PW005","2nd Gen I360s Built for Air Race.  ABB Microflex drives and photo capture system","I360",,,,"Pulseworks Shop","CSC 3 Position 1",,,,"","",,"",0,"","","",false,,,,"02/23/2017 01:54 PM","",,"","","","",,
"8B6kLqknTN","PW006","","I360",,"PW006","","USAFM-National Museum of the United States Air Force","BLDG 2 Position 1",,"nbuerschen@afmuseum.com",,"","",,"",0,"","","",false,,"","","08/03/2017 10:25 AM","",,"","USAFM","","",,
"BD1PoKlPdT","PW007",,"I360",,"PW007",,"Pulseworks Warehouse","",,"mnorris@pulseworks.com",,"","",,"",0,"","","",false,,,,"02/22/2017 10:50 AM","Out of Service/Not at site",,"","DC","","",,
"4hvAasZkkp","PW008",,"I360",,"PW008","NOT upgraded to Air Combat - 1st gen gunner stick (6/29/21)","MSI-Museum of Science and Industry","Position 2",,"djohnson@pulseworksops.com",,"","",,"",0,"","","",false,,,,"02/24/2017 09:31 AM","",,"","Chicago ","","",,
"o3E2TBOrfY","PW009",,"I360",,"PW009","NOT upgraded to Air Combat - 1st gen gunner stick (6/29/21)","MSI-Museum of Science and Industry","Position 1",,"djohnson@pulseworksops.com",,"","",,"",0,"","","",false,,,,"02/24/2017 09:31 AM","",,"","Chicago ","","",,
"T8fvxQMu2b","PW010","","I360",,"PW010","","Pulseworks Shop","",,,,"","",,"",0,"","","",,,,,"02/24/2017 11:07 AM","Out of Service/Not at site",,"","","","",,
"GkDT5MKowy","PW011","","I360",,"PW011","","USAFM-National Museum of the United States Air Force","BLDG 2 Position",,"nbuerschen@afmuseum.com",,"","",,"",0,"","","",false,,"","","08/03/2017 10:26 AM","",,"","USAFM","","",,
"tfvzG4iBSJ","PW012","","I360",,"PW012","","Pulseworks Shop","Position 7",,,,"","",,"",0,"","","",,,,,"02/24/2017 10:09 AM","Out of Service/Not at site",,"","","","",,
"j81VmYViaQ","PW014",,"I360",,"PW014","2 software packages (Air Combat  Air Race)","Pulseworks Warehouse","",,"mnorris@pulseworks.com",,"","",,"",0,"","","",false,,,,"02/22/2017 10:50 AM","Out of Service/Not at site",,"","DC","","",,
"B945i1waGa","PW015",,"I360",,"PW015",,"Pulseworks Warehouse","",,"mnorris@pulseworks.com",,"","",,"",0,"","","",false,,,,"02/22/2017 10:52 AM","Out of Service/Not at site",,"","DC","","",,
"G9TLI8XWGb","PW016","I360","I360",,"PW016","","Intrepid - Intrepid Sea Air & Space Museum (FANA)","",,,,"","",,"",0,"","","",false,,,,"02/24/2017 11:07 AM","Out of Service/Not at site",,"","INTREPID","","",,
"yoqofTW4x6","PW017",,"I360",,,"I360 with 3 software packages(Air Combat  Air Race  Time Jump","Pulseworks Warehouse","Position 1",,,,"","",,"",,"","","",,,,,"02/24/2017 09:46 AM","Out of Service/Not at site",,"","","","",,
"sltDENENMe","PW018",,"I360",,"PW018",,"Intrepid - Intrepid Sea Air & Space Museum (FANA)","",,,,"","",,"",0,"","","",false,,,,"02/23/2017 02:01 PM","Out of Service/Not at site",,"","INTREPID","","",,
"1V7Z8s6alx","PW019",,"I360",,"PW019",,"HAZY-Steven F. Udvar-Hazy Center","",,"mnorris@pulseworks.com",,"","",,"",0,"","","",false,,,,"02/23/2017 02:00 PM","",,"","DC","","",,
"ZOSOciqVCE","PW020","I360","I360",,"PW020","","Intrepid - Intrepid Sea Air & Space Museum (FANA)","",,,,"","",,"",0,"","","",false,,,,"02/24/2017 10:09 AM","",,"","INTREPID","","",,
"LN064KHdjp","PW021",,"I360",,,,"Pulseworks Shop","Position 5",,,,"","",,"",0,"","","",,,,,"02/24/2017 10:05 AM","Out of Service/Not at site",,"","","","",,
"YK4lrMrM7c","PW022",,"I360",,,,"Pulseworks Shop","Position 3",,,,"","",,"",0,"","","",,,,,"02/24/2017 09:54 AM","Out of Service/Not at site",,"","","","",,
"mUqfo7NkHx","PW023",,"I360",,,"2 Software packages (Air Combat  Air Race)","Pulseworks Shop","Position 1",,,,"","",,"",0,"","","",,,,,"02/24/2017 09:54 AM","Out of Service/Not at site",,"","","","",,
"Jr7bC5yopG","PW024","I360","I360",,"PW024","","HAZY-Steven F. Udvar-Hazy Center","",,"mnorris@pulseworks.com",,"","",,"",0,"","","",false,,,,"02/24/2017 11:07 AM","",,"","DC","","",,
"CpD0KCJEne","PW025","","I361",,"PW025","","Pulseworks Shop","Main",,,,"","",,"",,"","","",,,,,"02/24/2017 11:07 AM","Out of Service/Not at site",,"","","","",,
"WPVHM1Pzcz","PW026","","I360",,"PW026","","SLSC-St. Louis Science Center","Position 2",,"slsc@pulseworksops.com",,"","",,"",0,"","","",,,,,"02/24/2017 11:07 AM","",,"","SLSC","","",,
"BVQz5hesgk","PW027","","I360",,"PW027","","SLSC-St. Louis Science Center","Position 1",,"slsc@pulseworksops.com",,"","",,"",0,"","","",,,,,"02/24/2017 11:07 AM","",,"","SLSC","","",,
"Oz7dyhf0ey","PW028","MOF Sim 2
Control Software: I360v5.33
Local Ethernet port IP: 10.0.0.53   Subnet: 255.0.0.0
photosystem NAS IP: 10.0.0.99   Subnet: 255.0.0.0
Capsule Settings: Flip Vertical, Load Quality Settings on Start, Capture Pictures, Machine: Sim2,Current Printer: EPSON TM-T88V
Interface Box Ver. : v3.1","I360",,"PW028","","MOF-Museum of Flight","",,,,"","",,"",0,"","","",false,,,,"02/24/2017 11:07 AM","",,"","MOF","","",,
"uoLrAgHCHp","PW029","MOF Sim 3
Control Software: I360v5.33
Local Ethernet port IP: 10.0.0.55   Subnet: 255.0.0.0
photosystem NAS IP: 10.0.0.99   Subnet: 255.0.0.0
Capsule Settings: Flip Vertical, Load Quality Settings on Start, Capture Pictures, Machine: Sim03,Current Printer: EPSON TM-T88V

Interface Box Ver. : v3.1","I360",,"PW029","","MOF-Museum of Flight","",,,,"","",,"",0,"","","",false,,,,"02/24/2017 11:07 AM","",,"","MOF","","",,
"jH475YFNS1","PW030","MOF Sim 1
Control Software: I360v5.33
Local Ethernet port IP: 10.0.0.50   Subnet: 255.0.0.0
photosystem NAS IP: 10.0.0.99   Subnet: 255.0.0.0
Capsule Settings: Flip Vertical, Load Quality Settings on Start, Capture Pictures, Machine: Sim1,Current Printer: EPSON TM-T88V
Interface Box Ver. : v3.1","I360",,"PW030","","MOF-Museum of Flight","",,,,"","",,"",0,"","","",false,,,,"02/24/2017 11:07 AM","",,"","MOF","","",,
"7ErKuGpDja","PW031","MOF Sim4
Control Software: I360v5.33

Local Ethernet port IP: 10.0.0.200   Subnet: 255.0.0.0
Photosystem NAS IP: 10.0.0.99   Subnet: 255.0.0.0

Capsule Settings: Flip Vertical, Load Quality Settings on Start, Capture Pictures, Machine: Sim4,Current Printer: EPSON TM-T88V

Interface Box Ver. : v3.1","I360",,"PW031","","MOF-Museum of Flight","",,,,"","",,"",0,"","","",false,,,,"02/24/2017 11:07 AM","",,"","MOF","","",,
"GRTVrr5N8D","PW032","I360","I360",,"PW032","","HAZY-Steven F. Udvar-Hazy Center","",,"mnorris@pulseworks.com",,"","",,"",0,"","","",false,,,,"02/24/2017 10:09 AM","",,"","DC","","",,
"u6CAKf5pcJ","PW033","I360","I360",,"PW033","","HAZY-Steven F. Udvar-Hazy Center","",,"mnorris@pulseworks.com",,"","",,"",0,"","","",false,,,,"02/24/2017 10:09 AM","",,"","DC","","",,
"xtjLdfMBdZ","PW034","I360
I360 Unity Control v2.02 (from 2019)
Pulselock App Lancher v2.11
Galil Tools
SIM04","I360",,"PW034","","Intrepid - Intrepid Sea Air & Space Museum (FANA)","",,,,"","",,"",0,"","","",false,,,,"02/24/2017 10:09 AM","Out of Service/Not at site",,"","INTREPID","","",,
"GeKIwgkftd","PW035","","I360",,"PW035","","Pulseworks Warehouse","Position 11",,,,"","",,"",0,"","","",false,,,,"02/24/2017 10:09 AM","",,"","","","",,
"UEpHu9A6We","PW036","","I360",,"PW036","","Pulseworks Warehouse","Position 10",,,,"","",,"",0,"","","",false,,,,"02/24/2017 10:09 AM","",,"","","","",,
"HaIuM1NEW3","PW037",,"I360",,"PW037","NOT upgraded to Air Combat - 1st gen gunner stick (6/29/21)","MSI-Museum of Science and Industry","Position 3",,"djohnson@pulseworksops.com",,"","",,"",0,"","","",false,,,,"02/24/2017 09:32 AM","",,"","Chicago ","","",,
"Dt7GnhfAJ8","PW038",,"I360",,"PW038","NOT upgraded to Air Combat - 1st gen gunner stick (6/29/21)","MSI-Museum of Science and Industry","Position 4",,"djohnson@pulseworksops.com",,"","",,"",0,"","","",false,,,,"02/24/2017 09:32 AM","",,"","Chicago ","","",,
"CSl2iv5vcg","Shop Miscellaneous","Catch all for non machine specific items like shop parts  engineering projects etc.",,,,,"Pulseworks Shop",,,,,"","",,"",0,"","","",,,,,"12/11/2019 01:09 PM","",,"","","","",,
"2DxXtSf0TF","Training PC TPC010","Small MSI computer, Training PC.  Simulator Type : I-360  Windows Version : 10 Pro Control Software Installed : TrainerLauncher Power Supply : External Motherboard :  MS-B9201 GPU : 1070 GTX CPU : i7-8700K RAM :  16GB DDR4 Galil : N/A Date : 6/24/25 Reggie. Other Software Installed : Directx_Jun2010_redist, I-360v2 Setup,  ","Training PC.","TPC010","","","MSI-Museum of Science and Industry","",,,"Assets","","",,"",,"","","",false,,"","","06/25/2025 08:54 AM","Operational",,"","","","",,
"7lX7A0vUMT","Training PC TPC012","Training PC. 
Simulator Type : 
Windows Version :
Control Software Installed :
Power Supply :
Motherboard :  
GPU : 
CPU : 
RAM :  
Galil : N/A
Date : 
Other Software Installed :

","Training PC.","TPC012","TPC012",,"Pulseworks Shop",,,,,"","",,"",,"","","",,,,,"04/21/2026 10:56 AM","Operational",,"","","","",,
"jmJ4TxCIV2","Training Station Mini PC Mini014","NUC computer, I-360 Training Station. 
Simulator Type : I-360
Windows Version : 11 Pro
Control Software Installed : Trainer Launcher
Power Supply : 120w
Motherboard :  Intel NUC 12WSBi5
GPU : 
CPU : i5-1240P
RAM : 
Galil : N/A
Date : 3/27/26
Other Software Installed : Pulselock, directx_Jun2010_redist, HEVC Codec, Trainer Launcher.
","NUC 12WSBi5","Mini014","Mini014",,"Pulseworks Shop",,,,"Assets","","",,"",,"","","",,,,,"03/30/2026 01:40 PM","Operational",,"","","","",,
"Fiy3ZmZLg5","VR 4DX Mini PC Mini011","NUC computer, 4DX Base controller. 
Simulator Type : 4DX
Windows Version : 11
Control Software Installed : N/A
Power Supply : 120w
Motherboard :  N/A
GPU : Iris Xe
CPU : i7-1165 G7
RAM : 16G DDR4
Galil : N/A
Date : 2/24/25
Other Software Installed : SMPC, Team Viewer, Pulselock.","NUC11PAHi7","Mini011",,,"USSRC-U.S. Space and Rocket Center",,,"techsupport@pulseworks.com","Assets","","",,"",,"","","",false,,,,"12/19/2024 11:07 AM","Operational",,"","","","",,
"GhZMEyoeZx","VR 4DX Mini PC Mini012","UC computer, 4DX Base controller. 
Simulator Type : 4DX
Windows Version : 11
Control Software Installed : N/A
Power Supply : 120w
Motherboard :  N/A
GPU : Iris Xe
CPU : i7-1165 G7
RAM : 16G DDR4
Galil : N/A
Date : 2/24/25
Other Software Installed : SMPC, Team Viewer, Pulselock.","NUC 11PABi7","Mini012",,,"USSRC-U.S. Space and Rocket Center",,,"techsupport@pulseworks.com","Assets","","",,"",,"","","",false,,,,"10/31/2024 02:22 PM","Operational",,"","","","",,
"0rRHaPDw7X","VR 4DX Mini PC Mini013","UC computer, 4DX Base controller.  
Simulator Type : 4DX 
Windows Version : 11 
Control Software Installed : N/A 
Power Supply : 120w 
Motherboard :  N/A 
GPU : Iris Xe 
CPU : i5-1240P G12 
RAM : 16G DDR4 
Galil : N/A 
Date : 8/5/25 Reggie
Other Software Installed : SMPC, Team Viewer, Pulselock v2.34, jre-8u171-windows-x64","NUC 11PABi7","Mini013","Mini013",,"Great Lakes Science Center",,,,"Assets","","",,"",,"","","",false,,,,"08/05/2025 09:51 AM","Operational",,"","","","",,
"eryBjr0w92","VR 4DX Mini PC Mini015","NUC computer 
Simulator Type : Office
Windows Version : 11Pro
Control Software Installed : N/A
Power Supply : 
Motherboard :  Intel NUC12WSBi5
GPU : 
CPU : i5-1240F
RAM : 16G DDR4
Galil : N/A
Date : 7-6-2026
Other Software Installed : Open Hardware Monitor v0.9.6","NUC 11PABi7","Mini015","Mini015",,"Pulseworks Shop",,,,"Assets","","",,"",,"","","",,,,,"07/06/2026 10:13 AM","Operational",,"","","","",,
"zGs6APbQsQ","VR Client PC BPC050","Origin Black computer, VR Client PC. 
Simulator Type : 
Headset Type : DPVR E4C 
Windows Version : 11 Pro
Control Software Installed : VR Client Launcher 2.04
Power Supply : 850w
Motherboard :  MSI MPG Z790i
GPU : RTX 4070
CPU : i9-13900K
RAM : 32G DDR5
Galil : N/A
Date : 6-3-2026 Miheer and Ethen
Other Software Installed : Steam, SteamVR 2.12.14, TeamViewer, IntelBurnTest v2, Furmark v1.19.0.0, OpenHardwareMonitor v0.9.6, GeForce Driver, directx_Jun2010_redist, VC_redist.x64, VC_redist.x86, DPVRAssistantSetup3.9.26, HEVC Codec, Core Temp","Origin Black PC.","BPC050",,,"SCH-Space Center Houston",,,,"Assets","","",,"",,"","","",false,,,,"03/31/2025 09:44 AM","Operational",,"","","","",,
"aJu0HFMON1","VR Client PC BPC051","Origin Black computer, VR Client PC. 
Simulator Type : 
Headset Type : DPVR E4C 
Windows Version : 11 Pro
Control Software Installed : VR Client Launcher 2.04
Power Supply : 850w
Motherboard :  MSI MPG Z790i
GPU : RTX 4070
CPU : i7-14900K
RAM : 32G DDR5
Galil : N/A
Date : 5/7/26 Miheer
Other Software Installed : Steam, Steam VR v2.9.6, Team Viewer, IntelBurnTest v2, Furmark 1.19.0.0, OpenHardwareMonitor v0.9.6., GeForce Driver v572.83, directx_Jun2010_redist, VC_redist.x64, VC_redistx86, HEVC Codec, DPVRAssistantSetup. 
","Origin Black PC.","BPC051","BPC051",,"SCH-Space Center Houston",,,,"Assets","","",,"",,"","","",false,,,,"05/12/2026 08:30 AM","Operational",,"","","","",,
"6xvr3goKx2","VR Client PC BPC052","Origin Black computer, VR Client PC. 
Simulator Type : 
Headset Type : HP 
Windows Version : 10 Pro
Control Software Installed : VR Client Launcher 2.04
Power Supply : 850w
Motherboard :  MSI MPG Z790i
GPU : RTX 4070
CPU : i7-13900K
RAM : 32G DDR5
Galil : N/A
Date : 2/26/25 Ethen
Other Software Installed : Steam, Steam VR v2.9.6, WMR, Team Viewer, IntelBurnTest v2, Furmark 1.19.0.0, OpenHardwareMonitor v0.9.6.","Origin Black PC.","BPC052",,,"Pulseworks Shop",,,,"Assets","","",,"",,"","","",,,,,"03/31/2025 09:43 AM","Operational",,"","","","",,
"JizzYHQI3u","VR Client PC BPC053","Origin Black computer, VR Client PC. 
Simulator Type : 4DX
Headset Type : DPVR E4C
Windows Version : 10 Pro
Control Software Installed : VR Client Launcher 2.04
Power Supply : 850w
Motherboard :  MSI MPG Z790i
GPU : RTX 5070
CPU : i7-14900K
RAM : 32G DDR5
Galil : N/A
Date : 6/19/25 Miheer
Other Software Installed : Steam, Steam VR v2.9.6, Team Viewer, IntelBurnTest v2, Furmark 1.19.0.0, OpenHardwareMonitor v0.9.6., GeForce Driver v572.83, directx_Jun2010_redist, VC_redist.x64, VC_redistx86, HEVC Codec, DPVRAssistantSetup. 
","Origin Black PC.","BPC053",,,"Pulseworks Shop",,,,"Assets","","",,"",,"","","",false,,,,"06/23/2025 06:50 AM","Operational",,"","","","",,
"xaZbT1BHzY","VR Client PC BPC054","Origin Black computer, VR Client PC. 
Simulator Type : 4DX
Headset Type : DPVR E4C 
Windows Version : 10 Pro
Control Software Installed : VR Client Launcher 2.04
Power Supply : 850w
Motherboard :  MSI MPG Z790i
GPU : RTX 4070
CPU : i7-13900K
RAM : 32G DDR5
Galil : N/A
Date : 6/19/25 Miheer
Other Software Installed : Steam, Steam VR v2.9.6, Team Viewer, IntelBurnTest v2, Furmark 1.19.0.0, OpenHardwareMonitor v0.9.6., GeForce Driver v572.83, directx_Jun2010_redist, VC_redist.x64, VC_redistx86, HEVC Codec, DPVRAssistantSetup. 
","Origin Black PC.","BPC054",,,"Pulseworks Shop",,,,"Assets","","",,"",,"","","",false,,,,"06/23/2025 07:09 AM","Operational",,"","","","",,
"fDs6qO3Ayd","VR Client PC BPC056","Origin Black computer, VR Client PC. 
Simulator Type : 4DX
Headset Type : DPVR E4C 
Windows Version : 10 Pro
Control Software Installed : VR Client Launcher 2.04
Power Supply : 850w
Motherboard :  MSI MPG Z790i
GPU : RTX 4070
CPU : i7-13900K
RAM : 32G DDR5
Galil : N/A
Date : 6/19/25 Miheer
Other Software Installed : Steam, Steam VR v2.9.6, Team Viewer, IntelBurnTest v2, Furmark 1.19.0.0, OpenHardwareMonitor v0.9.6., GeForce Driver v572.83, directx_Jun2010_redist, VC_redist.x64, VC_redistx86, HEVC Codec, DPVRAssistantSetup. 
","Origin Black PC.","BPC056",,,"SCH-Space Center Houston",,,,"Assets","","",,"",,"","","",,,,,"06/23/2025 07:12 AM","Operational",,"","","","",,
"fmaKt0RNgQ","VR Client PC BPC057","Origin Black computer, VR Client PC. 
Simulator Type : 4DX
Headset Type : DPVR E4C 
Windows Version : 10 Pro
Control Software Installed : VR Client Launcher 2.04
Power Supply : 850w
Motherboard :  MSI MPG Z790i
GPU : RTX 4070
CPU : i7-13900K
RAM : 32G DDR5
Galil : N/A
Date : 6/19/25 Miheer
Other Software Installed : Steam, Steam VR v2.9.6, Team Viewer, IntelBurnTest v2, Furmark 1.19.0.0, OpenHardwareMonitor v0.9.6., GeForce Driver v572.83, directx_Jun2010_redist, VC_redist.x64, VC_redistx86, HEVC Codec, DPVRAssistantSetup. 
","Origin Black PC.","BPC057",,,"SCH-Space Center Houston",,,,"Assets","","",,"",,"","","",,,,,"06/23/2025 07:10 AM","Operational",,"","","","",,
"tgOWMTp1Hf","VR Client PC BPC058","Origin Black computer, VR Client PC. 
Simulator Type : 4DX
Headset Type : DPVR E4C 
Windows Version : 11 Pro
Control Software Installed : VR Client Launcher 2.04
Power Supply : 850w
Motherboard :  MSI MPG Z790i
GPU : RTX 4070 SUPER
CPU : i7-14900K
RAM : 32G DDR5
Galil : N/A
Date : 6-24-26 Miheer
Other Software Installed : Steam, Steam VR v2.12.14, Team Viewer, IntelBurnTest v2, Furmark 1.19.0.0, OpenHardwareMonitor v0.9.6., GeForce Driver v572.83, directx_Jun2010_redist, VC_redist.x64, VC_redistx86, HEVC Codec, DPVRAssistantSetup. 
","Origin Black PC.","BPC058",,,"Pulseworks Shop",,,,"Assets","","",,"",,"","","",false,,,,"06/23/2025 07:13 AM","Operational",,"","","","",,
"D9lsV28YlR","VR Client PC BPC059","Origin Black computer, VR Client PC. 
Simulator Type : 4DX
Headset Type : DPVR E4C 
Windows Version : 10 Pro
Control Software Installed : VR Client Launcher 2.04
Power Supply : 850w
Motherboard :  MSI MPG Z790i
GPU : RTX 4070
CPU : i7-13900K
RAM : 32G DDR5
Galil : N/A
Date : 6/19/25 Miheer
Other Software Installed : Steam, Steam VR v2.9.6, Team Viewer, IntelBurnTest v2, Furmark 1.19.0.0, OpenHardwareMonitor v0.9.6., GeForce Driver v572.83, directx_Jun2010_redist, VC_redist.x64, VC_redistx86, HEVC Codec, DPVRAssistantSetup. 
","Origin Black PC.","BPC059",,,"SCH-Space Center Houston",,,,"Assets","","",,"",,"","","",,,,,"06/23/2025 07:16 AM","Operational",,"","","","",,
"luICGdZEHy","VR Client PC BPC060","Origin Black computer, VR Client PC. 
Simulator Type : 4DX
Headset Type : DPVR E4C
Windows Version : 10 Pro
Control Software Installed : VR Client Launcher 2.04
Power Supply : 850w
Motherboard :  MSI MPG Z790i
GPU : RTX 5070
CPU : i7-14900K
RAM : 32G DDR5
Galil : N/A
Date : 6/19/25 Miheer
Other Software Installed : Steam, Steam VR v2.9.6, Team Viewer, IntelBurnTest v2, Furmark 1.19.0.0, OpenHardwareMonitor v0.9.6., GeForce Driver v572.83, directx_Jun2010_redist, VC_redist.x64, VC_redistx86, HEVC Codec, DPVRAssistantSetup. 
","Origin Black PC.","BPC060",,,"SCH-Space Center Houston",,,,"Assets","","",,"",,"","","",,,,,"06/23/2025 06:53 AM","Operational",,"","","","",,
"mdMNGohf8h","VR Client PC BPC061","Origin Black computer, VR Client PC. 
Simulator Type : 4DX
Headset Type : DPVR E4C 
Windows Version : 10 Pro
Control Software Installed : VR Client Launcher 2.04
Power Supply : 850w
Motherboard :  MSI MPG Z790i
GPU : RTX 4070
CPU : i7-13900K
RAM : 32G DDR5
Galil : N/A
Date : 6/19/25 Miheer
Other Software Installed : Steam, Steam VR v2.9.6, Team Viewer, IntelBurnTest v2, Furmark 1.19.0.0, OpenHardwareMonitor v0.9.6., GeForce Driver v572.83, directx_Jun2010_redist, VC_redist.x64, VC_redistx86, HEVC Codec, DPVRAssistantSetup. 
","Origin Black PC.","BPC061",,,"Pulseworks Shop",,,,"Assets","","",,"",,"","","",false,,,,"06/23/2025 07:07 AM","Operational",,"","","","",,
"ZmSSQ0t1ow","VR Client PC BPC062","Origin Black computer, VR Client PC. 
Simulator Type : 4DX
Headset Type : DPVR E4C 
Windows Version : 10 Pro
Control Software Installed : VR Client Launcher 2.04
Power Supply : 850w
Motherboard :  MSI MPG Z790i
GPU : RTX 4070
CPU : i7-13900K
RAM : 32G DDR5
Galil : N/A
Date : 6/19/25 Miheer
Other Software Installed : Steam, Steam VR v2.9.6, Team Viewer, IntelBurnTest v2, Furmark 1.19.0.0, OpenHardwareMonitor v0.9.6., GeForce Driver v572.83, directx_Jun2010_redist, VC_redist.x64, VC_redistx86, HEVC Codec, DPVRAssistantSetup. 
","Origin Black PC.","BPC062",,,"SCH-Space Center Houston",,,,"Assets","","",,"",,"","","",,,,,"06/23/2025 07:14 AM","Operational",,"","","","",,
"cfZFvVq4Mf","VR Client PC BPC063","Origin Black computer, VR Client PC. 
Simulator Type : 4DX
Headset Type : DPVR E4C
Windows Version : 11 Pro
Control Software Installed : VR Client Launcher 2.04
Power Supply : 850w
Motherboard :  MSI MPG Z790i
GPU : RTX 5070
CPU : i9-14900K
RAM : 32G DDR5
Galil : N/A
Date : 7/2/26 Miheer and Ethen
Other Software Installed : Steam, Steam VR v2.12.14, Team Viewer, IntelBurnTest v2, Furmark 1.19.0.0, OpenHardwareMonitor v0.9.6., GeForce Driver v572.83, directx_Jun2010_redist, VC_redist.x64, VC_redistx86, HEVC Codec, DPVRAssistantSetup, Core Temp
","Origin Black PC.","BPC063",,,"Pulseworks Shop",,,,"Assets","","",,"",,"","","",false,,,,"06/23/2025 06:58 AM","Operational",,"","","","",,
"G20odQHial","VR Client PC BPC064","Origin Black computer, VR Client PC. 
Simulator Type : 4DX
Headset Type : DPVR E4C
Windows Version : 11 Pro
Control Software Installed : VR Client Launcher 2.04
Power Supply : 850w
Motherboard :  MSI MPG Z790i
GPU : RTX 5070
CPU : i9-14900K
RAM : 32G DDR5
Galil : N/A
Date : 6-24-2026 Miheer and Ethen
Other Software Installed : Steam, Steam VR v2.12.14, Team Viewer, IntelBurnTest v2, Furmark 1.19.0.0, OpenHardwareMonitor v0.9.6., GeForce Driver v572.83, directx_Jun2010_redist, VC_redist.x64, VC_redistx86, HEVC Codec, DPVRAssistantSetup. 
","Origin Black PC.","BPC064",,,"Pulseworks Shop",,,,"Assets","","",,"",,"","","",false,,,,"06/23/2025 06:52 AM","Operational",,"","","","",,
"WH5HE2asae","VR Client PC BPC065","Origin Black computer, VR Client PC. 
Simulator Type : 4DX
Headset Type : DPVR E4C
Windows Version : 10 Pro
Control Software Installed : VR Client Launcher 2.04
Power Supply : 850w
Motherboard :  MSI MPG Z790i
GPU : RTX 5070
CPU : i7-14900K
RAM : 32G DDR5
Galil : N/A
Date : 6/19/25 Miheer
Other Software Installed : Steam, Steam VR v2.9.6, Team Viewer, IntelBurnTest v2, Furmark 1.19.0.0, OpenHardwareMonitor v0.9.6., GeForce Driver v572.83, directx_Jun2010_redist, VC_redist.x64, VC_redistx86, HEVC Codec, DPVRAssistantSetup. 
","Origin Black PC.","BPC065",,,"SCH-Space Center Houston",,,,"Assets","","",,"",,"","","",,,,,"06/23/2025 07:00 AM","Operational",,"","","","",,
"IrDmOoyw8k","VR Client PC BPC066","Origin Black computer, VR Client PC. 
Simulator Type : 4DX
Headset Type : DPVR E4C
Windows Version : 10 Pro
Control Software Installed : VR Client Launcher 2.04
Power Supply : 850w
Motherboard :  MSI MPG Z790i
GPU : RTX 5070
CPU : i7-14900K
RAM : 32G DDR5
Galil : N/A
Date : 6/19/25 Miheer
Other Software Installed : Steam, Steam VR v2.9.6, Team Viewer, IntelBurnTest v2, Furmark 1.19.0.0, OpenHardwareMonitor v0.9.6., GeForce Driver v572.83, directx_Jun2010_redist, VC_redist.x64, VC_redistx86, HEVC Codec, DPVRAssistantSetup. 
","Origin Black PC.","BPC066",,,"SCH-Space Center Houston",,,,"Assets","","",,"",,"","","",,,,,"06/23/2025 06:48 AM","Operational",,"","","","",,
"O4jx4Wb3nF","VR Client PC BPC067","Origin Black computer, VR Client PC. 
Simulator Type : 4DX
Headset Type : DPVR E4C
Windows Version : 10 Pro
Control Software Installed : VR Client Launcher 2.04
Power Supply : 850w
Motherboard :  MSI MPG Z790i
GPU : RTX 5070
CPU : i7-14900K
RAM : 32G DDR5
Galil : N/A
Date : 6/19/25 Miheer
Other Software Installed : Steam, Steam VR v2.9.6, Team Viewer, IntelBurnTest v2, Furmark 1.19.0.0, OpenHardwareMonitor v0.9.6., GeForce Driver v572.83, directx_Jun2010_redist, VC_redist.x64, VC_redistx86, HEVC Codec, DPVRAssistantSetup. 
","Origin Black PC.","BPC067",,,"SCH-Space Center Houston",,,,"Assets","","",,"",,"","","",,,,,"06/23/2025 06:55 AM","Operational",,"","","","",,
"Z7CoqNKJ7x","VR Client PC BPC068","Origin Black computer, VR Client PC. 
Simulator Type : 4DX
Headset Type : DPVR E4C
Windows Version : 10 Pro
Control Software Installed : VR Client Launcher 2.04
Power Supply : 850w
Motherboard :  MSI MPG Z790i
GPU : RTX 5070
CPU : i7-14900K
RAM : 32G DDR5
Galil : N/A
Date : 6/19/25 Mihher
Other Software Installed : Steam, Steam VR v2.9.6, Team Viewer, IntelBurnTest v2, Furmark 1.19.0.0, OpenHardwareMonitor v0.9.6., GeForce Driver v572.83, directx_Jun2010_redist, VC_redist.x64, VC_redistx86, HEVC Codec, DPVRAssistantSetup. ","Origin Black PC.","BPC068",,,"SCH-Space Center Houston",,,,"Assets","","",,"",,"","","",false,,,,"06/23/2025 06:45 AM","Operational",,"","","","",,
"58X9pBv2ZI","VR Client PC BPC069","Origin Black computer, VR Client PC. 
Change CMOS Battery? : New
Headset Type : E4C
Windows Version : 11 Pro
Control Software Installed : VR Client Launcher 2.04
Power Supply : 850w
Motherboard :  MSI Z790i
GPU : RTX 5070
CPU : i7-12700K
RAM : 32G DDR5
Galil : N/A
Tech: Miheer
Date: 7/1/25
Other Software Installed : Steam, Steam VR v2.9.6, Team Viewer, IntelBurnTest v2, Furmark 1.19.0.0, OpenHardwareMonitor v0.9.6, GeForce Driver v572.83, directx_Jun2010_redist, VC_redist.x64, VC_redistx86, HEVC Codec, DPVRAssistantSetup.","Origin Black PC.","BPC069",,,"SCH-Space Center Houston",,,,"PC","","",,"",,"","","",false,,,,"07/10/2025 08:32 AM","Operational",,"","","","",,
"hCe6zKLJM9","VR Client PC BPC070","Origin Black computer, VR Client PC. 
Change CMOS Battery? : New
Headset Type : DPVR E4C
Windows Version : 10 Pro
Control Software Installed : VR Client Launcher 2.04
Power Supply : 850w
Motherboard :  MSI MPG Z790i
GPU : RTX 5070
CPU : i7-14900K
RAM : 32G DDR5
Galil : N/A
Tech: Miheer
Date : 7/1/25
Other Software Installed : Steam, Steam VR v2.9.6, Team Viewer, IntelBurnTest v2, Furmark 1.19.0.0, OpenHardwareMonitor v0.9.6., GeForce Driver v572.83, directx_Jun2010_redist, VC_redist.x64, VC_redistx86, HEVC Codec, DPVRAssistantSetup.","Origin Black PC.","BPC070",,,"SCH-Space Center Houston",,,,"PC","","",,"",,"","","",false,,,,"07/10/2025 08:32 AM","Operational",,"","","","",,
"V0eAzOA230","VR Client PC BPC071","Origin Black computer, VR Client PC. 
Change CMOS Battery? : New
Headset Type : DPVR E4C
Windows Version : 10 Pro
Control Software Installed : VR Client Launcher 2.04
Power Supply : 850w
Motherboard :  MSI MPG Z790i
GPU : RTX 5070
CPU : i7-14900K
RAM : 32G DDR5
Galil : N/A
Tech: Miheer
Date : 7/1/25
Other Software Installed : Steam, Steam VR v2.9.6, Team Viewer, IntelBurnTest v2, Furmark 1.19.0.0, OpenHardwareMonitor v0.9.6., GeForce Driver v572.83, directx_Jun2010_redist, VC_redist.x64, VC_redistx86, HEVC Codec, DPVRAssistantSetup.","Origin Black PC.","BPC071",,,"Pulseworks Shop",,,,"PC","","",,"",,"","","",,,,,"07/10/2025 08:32 AM","Operational",,"","","","",,
"FR3e2XCZmB","VR Client PC BPC072","Origin Black computer, VR Client PC. 
Change CMOS Battery? : New
Headset Type : E4C
Windows Version : 11 Pro
Control Software Installed : VR Client Launcher 2.04
Power Supply : 850w
Motherboard :  MSI Z790i
GPU : RTX 5070
CPU : i7-12700K
RAM : 32G DDR5
Galil : N/A
Tech: Miheer
Date: 7/1/25
Other Software Installed : Steam, Steam VR v2.9.6, Team Viewer, IntelBurnTest v2, Furmark 1.19.0.0, OpenHardwareMonitor v0.9.6, GeForce Driver v572.83, directx_Jun2010_redist, VC_redist.x64, VC_redistx86, HEVC Codec, DPVRAssistantSetup.","Origin Black PC.","BPC072",,,"Pulseworks Shop",,,,"PC","","",,"",,"","","",,,,,"07/10/2025 08:32 AM","Operational",,"","","","",,
"wJjuWQHnRE","VR Client PC BPC073","Origin Black Computer, VR Client PC.
Change CMOS Battery? : New
Windows Version : 11 Pro
Control Software Installed : VR Client Launcher v2.04
Power Supply : 850w
Motherboard : MSI MPG Z790i Edge WIFI
GPU : RTX 4070 Super
CPU : i9-14900K
RAM : 32G DDR5
Galil : N/A
Tech : Miheer
Date : 7-16-25
Other Software Installed : Steam, SteamVR v2.11.2, Team Viewer IntelBurnTest v2, Furmark v1.19.0.0, OpenHardwareMonitor v0.9.6, directx_Jun2010_redist, VC_redist.x64, VC_redist.x86, DPVRAssistantSetup, HEVC CODEC
","Origin Black PC.","BPC073",,,"Pulseworks Shop",,,,"Assets","","",,"",,"","","",false,,,,"07/17/2025 07:15 AM","Operational",,"","","","",,
"KlzG69aVye","VR Client PC BPC074","Origin Black computer, VR Client PC. 
Windows Version : 11 Pro
Control Software Installed : VR Client Launcher 2.04
Power Supply : 850w
Motherboard :  MSI MPG Z790i EDGE WIFI
GPU : RTX 5070
CPU : i9-14900K
RAM : 32G DDR5
Galil : N/A
Date : 7/18/25 Miheer
Other Software Installed : Steam, Steam VR v2.9.6, Team Viewer, IntelBurnTest v2, Furmark 1.19.0.0, OpenHardwareMonitor v0.9.6., GeForce Driver v572.83, directx_Jun2010_redist, VC_redist.x64, VC_redistx86, HEVC Codec, DPVRAssistantSetup. 
","Origin Black PC","BPC074",,,"Pulseworks Shop",,,,"Assets","","",,"",,"","","",false,,,,"08/01/2025 02:03 PM","Operational",,"","","","",,
"vpHGMD2xCw","VR Client PC BPC075","Origin Black computer, VR Client PC. 
Change CMOS Battery? : New PC
Headset Type : Vive Pro 2
Windows Version : 11 Pro
Control Software Installed : VR Client Launcher 2.04
Power Supply : 850w
Motherboard :  MSI MPG Z790i edge wifi
GPU : RTX 4070 Super
CPU : i9-14900K
RAM : 32G DDR5
Galil : N/A
Tech: Miheer and Akash
Date : 7-31-2026
Other Software Installed : Steam, Steam VR v2.12.14, Team Viewer, IntelBurnTest v2, Furmark 1.19.0.0, OpenHardwareMonitor v0.9.6., GeForce Driver v572.83, directx_Jun2010_redist, VC_redist.x64, VC_redistx86, HEVC Codec,  Vive Console 2.1.24.7, Core-Temp-setup-V1.20","Origin Black PC.","BPC075","BPC075","","GAAQ-Georgia Aquarium","",,,"Assets","","",,"",,"","","",false,,"","","09/11/2025 02:17 PM","Operational",,"","","","",,
"GinTBcYi0L","VR Client PC BPC076","Origin Black computer, VR Client PC. 
Change CMOS Battery? : New PC
Headset Type : ADA DPVR E4C
Windows Version : 11 Pro
Control Software Installed : VR ADALauncher
Power Supply : 850w
Motherboard :  MSI MPG Z790i
GPU : RTX 4070
CPU : i9-13900K
RAM : 32G DDR5
Galil : N/A
Tech: Miheer
Date : 12/30/25
Other Software Installed : Steam, Steam VR v2.14.5, Team Viewer, IntelBurnTest v2, Furmark 1.19.0.0, OpenHardwareMonitor v0.9.6., GeForce Driver v572.83, directx_Jun2010_redist, VC_redist.x64, VC_redistx86, HEVC Codec, DPVRAssistantSetup, Core-Temp-setup, Pulselock","Origin Black PC.","BPC076","BPC076",,"SCH-Space Center Houston",,,,"Assets","","",,"",,"","","",false,,,,"09/11/2025 02:17 PM","Operational",,"","","","",,
"puGeQKmt9n","VR Client PC BPC077","Origin Black computer, VR Client PC. 
Change CMOS Battery? : New PC
Headset Type : DPVR E4C
Windows Version : 11 Pro
Control Software Installed : VR Client Launcher 2.04
Power Supply : 850w
Motherboard :  MSI MPG Z790i
GPU : RTX 4070
CPU : i9-13900K
RAM : 32G DDR5
Galil : N/A
Tech: Miheer and Ethen
Date : 05-28-2026
Other Software Installed : Steam, Steam VR v2.12.14, Team Viewer, IntelBurnTest v2, Furmark 1.19.0.0, OpenHardwareMonitor v0.9.6., GeForce Driver v572.83, directx_Jun2010_redist, VC_redist.x64, VC_redistx86, HEVC Codec, DPVRAssistantSetup, Core-Temp.","Origin Black PC.","BPC077","BPC077",,"Pulseworks Shop",,,,"Assets","","",,"",,"","","",false,,,,"09/11/2025 02:17 PM","Operational",,"","","","",,
"rhnQAq8dGq","VR Client PC BPC078","Origin Black computer, VR Client PC. 
Change CMOS Battery? : New PC
Headset Type : DPVR E4C
Windows Version : 11 Pro
Control Software Installed : VR Client Launcher 2.04
Power Supply : 850w
Motherboard :  MSI MPG Z790i
GPU : RTX 4070
CPU : i9-13900K
RAM : 32G DDR5
Galil : N/A
Tech: Miheer
Date : 7-6-2026
Other Software Installed : Steam, Steam VR v2.12.14, Team Viewer, IntelBurnTest v2, Furmark 1.19.0.0, OpenHardwareMonitor v0.9.6., GeForce Driver v572.83, directx_Jun2010_redist, VC_redist.x64, VC_redistx86, HEVC Codec, DPVRAssistantSetup, Core-Temp-setup-V1.20.1.0.","Origin Black PC.","BPC078","BPC078",,"Pulseworks Shop",,,,"Assets","","",,"",,"","","",false,,,,"09/11/2025 02:17 PM","Operational",,"","","","",,
"FvmAsQ1Weh","VR Client PC BPC079","Origin Black computer, VR Client PC. 
Change CMOS Battery? : New PC
Headset Type : DPVR E4C
Windows Version : 11 Pro
Control Software Installed : VR Client Launcher 2.04
Power Supply : 850w
Motherboard :  MSI MPG Z790i
GPU : RTX 5070
CPU : i9-14900K
RAM : 32G DDR5
Galil : N/A
Tech: Miheer
Date : 8/26/25
Other Software Installed : Steam, Steam VR v2.9.6, Team Viewer, IntelBurnTest v2, Furmark 1.19.0.0, OpenHardwareMonitor v0.9.6., GeForce Driver v572.83, directx_Jun2010_redist, VC_redist.x64, VC_redistx86, HEVC Codec, DPVRAssistantSetup, Core-Temp-setup-V1.18.1.0.","Origin Black PC.","BPC079","BPC079",,"Pulseworks Shop",,,,"Assets","","",,"",,"","","",false,,,,"09/11/2025 02:17 PM","Operational",,"","","","",,
"55tTgXL5qK","VR Client PC BPC080","Origin Black computer, VR Client PC. 
Change CMOS Battery? :
Headset Type : Vive Pro 2
Windows Version : 11 Pro
Control Software Installed : VR Client Launcher 2.04
Power Supply : 850w
Motherboard :  MSI MPG Z790i Edge Wifi
GPU : RTX 5070
CPU : i9-14900K
RAM : 32G DDR5
Galil : N/A
Tech: Miheer
Date : 07-30-2026
Other Software Installed : Steam, SteamVR 2.12.14, TeamViewer, IntelBurnTest v2, Furmark v1.19.0.0, OpenHardwareMonitor v0.9.6, GeForce Driver, directx_Jun2010_redist, VC_redist.x64, VC_redist.x86, HEVC Codec, Core Temp ,Vive Console 2.1.24.7","Origin Black PC.","BPC080","BPC080","","Pulseworks Shop","",,,"Assets","","",,"",,"","","",false,,"","","09/11/2025 02:17 PM","Operational",,"","","","",,
"7kGGFhbpxv","VR Client PC BPC081","Origin Black computer, VR Client PC. 
Change CMOS Battery? : New PC
Headset Type : Vive Pro
Windows Version : 11 Pro
Control Software Installed : VR Client Launcher 2.04
Power Supply : 850w
Motherboard :  MSI MPG Z790i
GPU : RTX 4070 Super
CPU : i9-14900K
RAM : 32G DDR5
Galil : N/A
Tech: Miheer
Date : 8/26/25
Other Software Installed : Steam, Steam VR v2.9.6, Team Viewer, IntelBurnTest v2, Furmark 1.19.0.0, OpenHardwareMonitor v0.9.6., GeForce Driver v572.83, directx_Jun2010_redist, VC_redist.x64, VC_redistx86, HEVC Codec, Vive Console 2.1.24.7, Core-Temp-setup-V1.18.1.0.","Origin Black PC.","BPC081","BPC081",,"GAAQ-Georgia Aquarium",,,,"Assets","","",,"",,"","","",false,,,,"09/11/2025 02:17 PM","Operational",,"","","","",,
"OUJ8aA1Ytt","VR Client PC BPC082","Origin Black computer, VR Client PC. 
Change CMOS Battery? : New PC
Headset Type : DPVR E4C
Windows Version : 11 Pro
Control Software Installed : VR Client Launcher 2.04
Power Supply : 850w
Motherboard :  MSI MPG Z790i
GPU : RTX 5070
CPU : i9-14900K
RAM : 32G DDR5
Galil : N/A
Tech: Miheer
Date : 06-05-2026
Other Software Installed : Steam, SteamVR 2.12.14, TeamViewer, IntelBurnTest v2, Furmark v1.19.0.0, OpenHardwareMonitor v0.9.6, GeForce Driver, directx_Jun2010_redist, VC_redist.x64, VC_redist.x86, HEVC Codec, Core Temp, DPVR Assistant 3.9.26","Origin Black PC.","BPC082","BPC082",,"Pulseworks Shop",,,,"Assets","","",,"",,"","","",false,,,,"09/11/2025 02:17 PM","Operational",,"","","","",,
"KodGrpTuxt","VR Client PC BPC083","Origin Black computer, VR Client PC. 
Change CMOS Battery? :
Headset Type : DPVR E4C
Windows Version : 11 Pro
Control Software Installed : VR Client Launcher 2.04
Power Supply : 850W
Motherboard : MSI MPG Z790i EDGE WIFI
GPU : RTX 5070
CPU : i9-14900K
RAM : 32GB DDR5
Galil : N/A
Tech: Miheer
Date : 7-30-2026
Other Software Installed : Steam, SteamVR 2.12.14, TeamViewer, IntelBurnTest v2, Furmark v1.19.0.0, OpenHardwareMonitor v0.9.6, GeForce Driver, directx_Jun2010_redist, VC_redist.x64, VC_redist.x86, DPVR Assistant, HEVC Codec, Core Temp","Origin Black PC.","BPC083","BPC083","","Pulseworks Shop","",,,"Assets","","",,"",,"","","",false,,"","","09/24/2025 06:45 AM","Operational",,"","","","",,
"aDpzOdbvmA","VR Client PC BPC084","Origin Black computer, VR Client PC. 
Simulator Type : 4DX
Headset Type : Vive Pro 2
Windows Version : 11 Pro
Control Software Installed : VR Client Launcher 2.04
Power Supply : 850w
Motherboard :  ASUS ROG STRIX B890-i Gaming
GPU : RTX 5070
CPU : Intel Core Ultra 9 285K
RAM : 32G DDR5
Galil : N/A
Date : 06-08-2026 Miheer
Other Software Installed : Steam, SteamVR 2.12.14, TeamViewer, IntelBurnTest v2, Furmark v1.19.0.0, OpenHardwareMonitor v0.9.6, GeForce Driver, directx_Jun2010_redist, VC_redist.x64, VC_redist.x86, HEVC Codec, Core Temp ,Vive Console 2.1.24.7","Origin Black PC"," BPC084"," BPC084",,"Pulseworks Shop",,,,"Assets","","",,"",,"","","",false,,,,"06/08/2026 12:49 PM","Operational",,"","","","",,
"C2vvsG28dY","VR Client PC BPC085","Origin Black computer, VR Client PC. 
Simulator Type : 4DX
Headset Type : Vive Pro 2 
Windows Version : 11 Pro
Control Software Installed : VR Client Launcher 2.04
Power Supply : 850w
Motherboard :  ASUS ROG STRIX Z890-i GAMING
GPU : RTX 5070
CPU : intel core ultra 9 285K
RAM : 32G DDR5
Galil : N/A
Date : 6-26-2026 Miheer
Other Software Installed : Steam, SteamVR 2.12.14, TeamViewer, IntelBurnTest v2, Furmark v1.19.0.0, OpenHardwareMonitor v0.9.6, GeForce Driver, directx_Jun2010_redist, VC_redist.x64, VC_redist.x86, HEVC Codec, Core Temp ,Vive Console 2.1.24.7","Origin Black PC","BPC085","BPC085",,"Pulseworks Shop",,,,"Assets","","",,"",,"","","",false,,,,"06/26/2026 08:49 AM","Operational",,"","","","",,
"KIUJeDKaGK","VR Client PC BPC086","Origin Black computer, VR Client PC. 
Simulator Type : 4DX
Headset Type : DPVR E4C 
Windows Version : 11 Pro
Control Software Installed : VR Client Launcher 2.04
Power Supply : 850w
Motherboard :  ASUS ROG STRIX Z890-i 
GPU : RTX 5070
CPU : intel core ultra 9 285K
RAM : 64G DDR5
Galil : N/A
Date : 6-23-2026 Miheer and Ethen
Other Software Installed : Steam, SteamVR 2.12.14, TeamViewer, IntelBurnTest v2, Furmark v1.19.0.0, OpenHardwareMonitor v0.9.6, GeForce Driver, directx_Jun2010_redist, VC_redist.x64, VC_redist.x86, HEVC Codec, Core Temp ,Vive Console 2.1.24.7","Origin Black PC","BPC086","BPC086",,"Pulseworks Shop",,,,"Assets","","",,"",,"","","",,,,,"06/23/2026 10:41 AM","Operational",,"","","","",,
"50h9oWzjFC","VR Client PC BPC088","Origin Black computer, VR Client PC. 
Change CMOS Battery? : New PC
Headset Type : Vive Pro
Windows Version : 11 Pro
Control Software Installed : VR Client Launcher 2.04
Power Supply : 850w
Motherboard :  ASUS ROG STRIX Z890-i gaming
GPU : RTX 5070
CPU : intel core ultra 9 285K
RAM : 32G DDR5
Galil : N/A
Tech: Miheer
Date : 06-25-2026
Other Software Installed : Steam, Steam VR v2.12.14, Team Viewer, IntelBurnTest v2, Furmark 1.19.0.0, OpenHardwareMonitor v0.9.6., GeForce Driver v572.83, directx_Jun2010_redist, VC_redist.x64, VC_redistx86, HEVC Codec, Vive Console 2.1.24.7, Core-Temp-setup-V1.18.1.0.","Origin Black PC.","BPC088","BPC088",,"Pulseworks Shop",,,,"Assets","","",,"",,"","","",,,,,"06/25/2026 01:08 PM","Operational",,"","","","",,
"2sgFCA0EnL","VR Client PC BPC089","Origin Black computer, VR Client PC. 
Change CMOS Battery? :
Headset Type : DPVR E4C
Windows Version : 10 Pro
Control Software Installed : VR Client Launcher 2.04
Power Supply : 850w
Motherboard :  MSI MPG Z790i
GPU : RTX 4070
CPU : i7-13900K
RAM : 32G DDR5
Galil : N/A
Tech: Miheer
Date : 10/22/25
Other Software Installed : Steam, Steam VR v2.9.6, Team Viewer, IntelBurnTest v2, Furmark 1.19.0.0, OpenHardwareMonitor v0.9.6., GeForce Driver v572.83, directx_Jun2010_redist, VC_redist.x64, VC_redistx86, HEVC Codec, DPVRAssistantSetup. 
","Origin Black PC.","BPC089","BPC089",,"Pulseworks Shop",,,,"Assets","","",,"",,"","","",,,,,"11/03/2025 07:16 AM","Operational",,"","","","",,
"hplNErBNVj","VR Client PC BPC090","Origin Black computer, VR Client PC. 
Simulator Type : 4DX
Headset Type : Vive Pro 2
Windows Version : 11 Pro
Control Software Installed : VR Client Launcher 2.04
Power Supply : 850w
Motherboard :  ASUS ROG STRIX B890-i Gaming
GPU : RTX 5070
CPU : Intel Core Ultra 9 285K
RAM : 32G DDR5
Galil : N/A
Date : 06-05-2026 Miheer
Other Software Installed : Steam, SteamVR 2.15.6, TeamViewer, IntelBurnTest v2, Furmark v1.19.0.0, OpenHardwareMonitor v0.9.6, GeForce Driver, directx_Jun2010_redist, VC_redist.x64, VC_redist.x86, HEVC Codec, Core Temp ,Vive Console 2.1.24.7","Origin Black PC","BPC090","BPC090","","GAAQ-Georgia Aquarium","",,,"Assets","","",,"",,"","","",false,,"","","06/05/2026 02:06 PM","Operational",,"","","","",,
"wX7MiBuLEG","VR Client PC BPC091","Origin Black computer, VR Client PC. 
Simulator Type : 4DX
Headset Type : Vive Pro 2
Windows Version : 11 Pro
Control Software Installed : VR Client Launcher 2.04
Power Supply : 850w
Motherboard :  ASUS ROG STRIX Z890-i GAMING
GPU : RTX 5070
CPU : intel core ultra 9 285K
RAM : 32G DDR5
Galil : N/A
Date : 6-26-2026 Miheer and  Ethen
Other Software Installed :Steam, SteamVR 2.12.14, TeamViewer, IntelBurnTest v2, Furmark v1.19.0.0, OpenHardwareMonitor v0.9.6, GeForce Driver, directx_Jun2010_redist, VC_redist.x64, VC_redist.x86, HEVC Codec, Core Temp ,Vive Console 2.1.24.7","Origin Black PC","BPC091","BPC091",,"Pulseworks Shop",,,,"Assets","","",,"",,"","","",,,,,"06/26/2026 09:37 AM","Operational",,"","","","",,
"8EBJuf13AC","VR Client PC BPC092","Origin Black computer, VR Client PC. 
Simulator Type : 4DX
Headset Type : Vive Pro 2
Windows Version : 11 Pro
Control Software Installed : VR Client Launcher 2.04
Power Supply : 850w
Motherboard :  ASUS ROG STRIX B890-i Gaming
GPU : RTX 5070
CPU : Intel Core Ultra 9 285K
RAM : 32G DDR5
Galil : N/A
Date : 06-26-2026 Miheer and Ethen
Other Software Installed : Steam, SteamVR 2.15.6, TeamViewer, IntelBurnTest v2, Furmark v1.19.0.0, OpenHardwareMonitor v0.9.6, GeForce Driver, directx_Jun2010_redist, VC_redist.x64, VC_redist.x86, HEVC Codec, Core Temp ,Vive Console 2.1.24.7","Origin Black PC","BPC092","BPC092",,"Pulseworks Shop",,,,"Assets","","",,"",,"","","",,,,,"06/26/2026 01:19 PM","Operational",,"","","","",,
"YqYj25OVw9","VR Client PC BPC093","Origin Black computer, VR Client PC. 
Change CMOS Battery? :
Headset Type : 
Windows Version : 
Control Software Installed : VR Client Launcher 2.04
Power Supply : 
Motherboard :  
GPU : 
CPU : 
RAM : 
Galil : N/A
Tech: 
Date : 
Other Software Installed :","Origin Black PC.","BPC093","BPC093",,"Pulseworks Shop",,,,"Assets","","",,"",,"","","",,,,,"12/24/2025 08:36 AM","Operational",,"","","","",,
"3ReyLpgp93","VR Client PC BPC094","Origin Black computer, VR Client PC. 
Change CMOS Battery? :
Headset Type : 
Windows Version : 
Control Software Installed : VR Client Launcher 2.04
Power Supply : 
Motherboard :  
GPU : 
CPU : 
RAM : 
Galil : N/A
Tech: 
Date : 
Other Software Installed :
","Origin Black PC.","BPC094","BPC094",,"Pulseworks Shop",,,,"Assets","","",,"",,"","","",,,,,"12/24/2025 08:37 AM","Operational",,"","","","",,
"I2zYVenw6J","VR Client PC BPC095","Origin Black computer, VR Client PC. 
Change CMOS Battery? :
Headset Type : DPVR E4C
Windows Version : 11 pro
Control Software Installed : VR Client Launcher 2.04
Power Supply : 850W
Motherboard :  MSI MPG Z790I
GPU : RTX 4070
CPU : i9-13900K
RAM : 32GB DDR5
Galil : N/A
Tech: Miheer, Akash
Date : 07/16/2026
Other Software Installed : Steam, SteamVR 2.12.14, TeamViewer, IntelBurnTest v2, Furmark v1.19.0.0, OpenHardwareMonitor v0.9.6, GeForce Driver, directx_Jun2010_redist, VC_redist.x64, VC_redist.x86, DPVRAssistantSetup3.9.26, HEVC Codec, Core Temp
","Origin Black PC.","BPC095","BPC095",,"Pulseworks Shop",,,,"Assets","","",,"",,"","","",false,,,,"03/03/2026 09:54 AM","Operational",,"","","","",,
"CBtnODAaBj","VR Client PC BPC096","Origin Black computer, VR Client PC. 
Simulator Type : 4DX
Headset Type : DPVR E4C 
Windows Version : 11 Pro
Control Software Installed : VR Client Launcher 2.04
Power Supply : 850w
Motherboard :  MSI MPG Z790i
GPU : RTX 4070
CPU : i9-13900K
RAM : 32G DDR5
Galil : N/A
Date : 4/9/26 Miheer
Other Software Installed : Steam, Steam VR v2.9.6, Team Viewer, IntelBurnTest v2, Furmark 1.19.0.0, OpenHardwareMonitor v0.9.6., GeForce Driver v572.83, directx_Jun2010_redist, VC_redist.x64, VC_redistx86, HEVC Codec, DPVRAssistantSetup.","Origin Black PC.","BPC096","BPC096",,"Great Lakes Science Center",,,,"Assets","","",,"",,"","","",false,,,,"04/21/2026 07:43 AM","Operational",,"","","","",,
"PGNPWdD8ZU","VR Client PC BPC097","Origin Black computer, VR Client PC. 
Simulator Type : 4DX
Headset Type : DPVR E4C 
Windows Version : 11 Pro
Control Software Installed : VR Client Launcher 2.04
Power Supply : 850w
Motherboard :  MSI MPG Z790i
GPU : RTX 4070
CPU : i9-13900K
RAM : 32G DDR5
Galil : N/A
Date : 4/9/26 Miheer
Other Software Installed : Steam, Steam VR v2.9.6, Team Viewer, IntelBurnTest v2, Furmark 1.19.0.0, OpenHardwareMonitor v0.9.6., GeForce Driver v572.83, directx_Jun2010_redist, VC_redist.x64, VC_redistx86, HEVC Codec, DPVRAssistantSetup.","Origin Black PC.","BPC097","BPC097",,"Great Lakes Science Center",,,,"Assets","","",,"",,"","","",false,,,,"04/21/2026 07:45 AM","Operational",,"","","","",,
"egUzjk6ePE","VR Client PC BPC098","Origin Black computer, VR Client PC. 
Simulator Type : 4DX
Headset Type : DPVR E4C 
Windows Version : 11 Pro
Control Software Installed : VR Client Launcher 2.04
Power Supply : 850w
Motherboard :  MSI MPG Z790i
GPU : RTX 4070
CPU : i9-13900K
RAM : 32G DDR5
Galil : N/A
Date : 05-28-2026 Miheer and Ethen
Other Software Installed : Steam, SteamVR 2.12.14, TeamViewer, IntelBurnTest v2, Furmark v1.19.0.0, OpenHardwareMonitor v0.9.6, GeForce Driver, directx_Jun2010_redist, VC_redist.x64, VC_redist.x86, DPVRAssistantSetup3.9.26, HEVC Codec, Core Temp","Origin Black PC","BPC098","BPC098",,,,,,"Assets","","",,"",,"","","",,,,,"05/28/2026 07:51 AM","Operational",,"","","","",,
"jogZAUVzmB","VR Client PC BPC099","Origin Black computer, VR Client PC. 
Simulator Type : 4DX
Headset Type : DPVR E4C 
Windows Version : 11 Pro
Control Software Installed : VR Client Launcher 2.04
Power Supply : 850w
Motherboard :  MSI MPG Z790i EDGE WIFI
GPU : RTX 4070
CPU : i9-13900K
RAM : 32G DDR5
Galil : N/A
Date : 6-29-2026 Miheer and Ethen
Other Software Installed : Steam, Steam VR v2.12.14, Team Viewer, IntelBurnTest v2, Furmark 1.19.0.0, OpenHardwareMonitor v0.9.6., GeForce Driver v572.83, directx_Jun2010_redist, VC_redist.x64, VC_redistx86, HEVC Codec, DPVRAssistantSetup, Core Temp","Origin Black PC","BPC099","BPC099",,"Pulseworks Shop",,,,"Assets","","",,"",,"","","",,,,,"06/29/2026 01:41 PM","Operational",,"","","","",,
"AXHtAsu0ME","VR Client PC BPC100","Origin Black computer, VR Client PC. 
Simulator Type : 4DX
Headset Type : DPVR E4C 
Windows Version : 11 Pro
Control Software Installed : VR Client Launcher 2.04
Power Supply : 850w
Motherboard :  MSI MPG Z790i
GPU : RTX 4070
CPU : i9-13900K
RAM : 32G DDR5
Galil : N/A
Date : 4/9/26 Miheer
Other Software Installed : Steam, Steam VR v2.9.6, Team Viewer, IntelBurnTest v2, Furmark 1.19.0.0, OpenHardwareMonitor v0.9.6., GeForce Driver v572.83, directx_Jun2010_redist, VC_redist.x64, VC_redistx86, HEVC Codec, DPVRAssistantSetup.","Origin Black PC","BPC100","BPC100",,"Great Lakes Science Center",,,,"Assets","","",,"",,"","","",false,,,,"04/21/2026 07:47 AM","Operational",,"","","","",,
"bW1gBijuq6","VR Client PC BPC101","Origin Black computer, VR Client PC. 
Change CMOS Battery? :
Headset Type : DPVR E4C
Windows Version : 11 Pro
Control Software Installed : VR Client Launcher 2.04
Power Supply : 850w
Motherboard :  MSI MPG Z790i
GPU : RTX 4070
CPU : i9-13900K
RAM : 32G DDR5
Galil : N/A
Tech: Miheer
Date : 4/9/26
Other Software Installed : Steam, Steam VR v2.9.6, Team Viewer, IntelBurnTest v2, Furmark 1.19.0.0, OpenHardwareMonitor v0.9.6., GeForce Driver v572.83, directx_Jun2010_redist, VC_redist.x64, VC_redistx86, HEVC Codec, DPVRAssistantSetup.","Origin Black PC.","BPC101","BPC101",,"Great Lakes Science Center",,,,"Assets","","",,"",,"","","",false,,,,"04/21/2026 07:40 AM","Operational",,"","","","",,
"eZuxf34wr5","VR Client PC BPC102","Origin Black computer, VR Client PC. 
Simulator Type : 
Headset Type : DPVR E4C 
Windows Version : 11 Pro
Control Software Installed : VR Client Launcher 2.04
Power Supply : 850w
Motherboard :  MSI MPG Z790i
GPU : RTX 4070
CPU : i7-13900K
RAM : 32G DDR5
Galil : N/A
Date : 4/29/26 Miheer
Other Software Installed : Steam, Steam VR v2.9.6, Team Viewer, IntelBurnTest v2, Furmark 1.19.0.0, OpenHardwareMonitor v0.9.6., GeForce Driver v572.83, directx_Jun2010_redist, VC_redist.x64, VC_redistx86, HEVC Codec, DPVRAssistantSetup.","Origin Black PC.","BPC102","BPC102",,"Great Lakes Science Center",,,,"Assets","","",,"",,"","","",false,,,,"05/12/2026 08:25 AM","Operational",,"","","","",,
"JcduklMY4J","VR Client PC BPC103","Origin Black computer, VR Client PC. 
Simulator Type : 4DX
Headset Type : DPVR E4C 
Windows Version : 11 Pro
Control Software Installed : VR Client Launcher 2.04
Power Supply : 850w
Motherboard :  MSI MPG Z790i
GPU : RTX 4070
CPU : i9-13900K
RAM : 32G DDR5
Galil : N/A
Date : 6-2-2026 Miheer and Ethen
Other Software Installed : Steam, Steam VR v2.12.14, Team Viewer, IntelBurnTest v2, Furmark 1.19.0.0, OpenHardwareMonitor v0.9.6., GeForce Driver v572.83, directx_Jun2010_redist, VC_redist.x64, VC_redistx86, HEVC Codec, DPVRAssistantSetup, Core Temp","Origin Black PC","BPC103","BPC103",,,,,,"Assets","","",,"",,"","","",false,,,,"06/02/2026 01:56 PM","Operational",,"","","","",,
"oLvsEqv7Ib","VR Client PC BPC104","Origin Black computer, VR Client PC. 
Simulator Type : 4DX
Headset Type : DPVR E4C 
Windows Version : 11 Pro
Control Software Installed : VR Client Launcher 2.04
Power Supply : 850w
Motherboard :  MSI MPG Z790i
GPU : RTX 4070
CPU : i9-13900K
RAM : 32G DDR5
Galil : N/A
Date : 6-2-2026 Miheer and Ethen
Other Software Installed : Steam, Steam VR v2.12.14, Team Viewer, IntelBurnTest v2, Furmark 1.19.0.0, OpenHardwareMonitor v0.9.6., GeForce Driver v572.83, directx_Jun2010_redist, VC_redist.x64, VC_redistx86, HEVC Codec, DPVRAssistantSetup, Core Temp","Origin Black PC","BPC104","BPC104",,"Pulseworks Shop",,,,"Assets","","",,"",,"","","",,,,,"06/09/2026 07:54 AM","Operational",,"","","","",,
"0xxrRLHEIJ","VR Client PC BPC105","Origin Black computer, VR Client PC. 
Simulator Type : 4DX
Headset Type : DPVR E4C 
Windows Version : 11 Pro
Control Software Installed : VR Client Launcher 2.04
Power Supply : 850w
Motherboard :  MSI MPG Z790i
GPU : RTX 4070
CPU : i9-13900K
RAM : 32G DDR5
Galil : N/A
Date : 6-9-2026 Miheer and Ethen
Other Software Installed : Steam, Steam VR v2.12.14, Team Viewer, IntelBurnTest v2, Furmark 1.19.0.0, OpenHardwareMonitor v0.9.6., GeForce Driver v572.83, directx_Jun2010_redist, VC_redist.x64, VC_redistx86, HEVC Codec, DPVRAssistantSetup, Core Temp","Origin Black PC","BPC105","BPC105",,"Pulseworks Shop",,,,"Assets","","",,"",,"","","",,,,,"06/09/2026 01:50 PM","Operational",,"","","","",,
"cwVah0GfNA","VR Client PC BPC106","Origin Black computer, VR Client PC. 
Simulator Type : 4DX
Headset Type : DPVR E4C 
Windows Version : 11 Pro
Control Software Installed : VR Client Launcher 2.04
Power Supply : 850w
Motherboard :  MSI MPG Z790i EDGE WIFI
GPU : RTX 4070
CPU : i9-13900K
RAM : 32G DDR5
Galil : N/A
Date : 6-12-2026 Miheer
Other Software Installed : Steam, Steam VR v2.12.14, Team Viewer, IntelBurnTest v2, Furmark 1.19.0.0, OpenHardwareMonitor v0.9.6., GeForce Driver v572.83, directx_Jun2010_redist, VC_redist.x64, VC_redistx86, HEVC Codec, DPVRAssistantSetup, Core Temp","Origin Black PC","BPC106","BPC106",,"SCH-Space Center Houston",,,,"Assets","","",,"",,"","","",false,,,,"06/12/2026 08:45 AM","Operational",,"","","","",,
"bdVqJBteMY","VR Client PC BPC107","Origin Black computer, VR Client PC. 
Simulator Type : 4DX
Headset Type : DPVR E4C 
Windows Version : 11 Pro
Control Software Installed : VR Client Launcher 2.04
Power Supply : 850w
Motherboard :  MSI MPG Z790i EDGE WIFI
GPU : RTX 4070
CPU : i9-13900K
RAM : 32G DDR5
Galil : N/A
Date : 6-25-2026 Miheer
Other Software Installed : Steam, Steam VR v2.12.14, Team Viewer, IntelBurnTest v2, Furmark 1.19.0.0, OpenHardwareMonitor v0.9.6., GeForce Driver v572.83, directx_Jun2010_redist, VC_redist.x64, VC_redistx86, HEVC Codec, DPVRAssistantSetup, Core Temp","Origin Black PC","BPC107","BPC107",,"Pulseworks Shop",,,,"Assets","","",,"",,"","","",,,,,"06/25/2026 01:31 PM","Operational",,"","","","",,
"tEM8kNADAI","VR Client PC BPC108","Origin Black computer, VR Client PC. 
Simulator Type : 4DX
Headset Type : Vive Pro 2
Windows Version : 11 Pro
Control Software Installed : VR Client Launcher 2.04
Power Supply : 850w
Motherboard :  ASUS ROG STRIX Z890-i GAMING
GPU : RTX 5070
CPU : intel core ultra 9 285K
RAM : 32G DDR5
Galil : N/A
Date : 6-29-2026 Miheer and  Ethen
Other Software Installed :Steam, SteamVR 2.12.14, TeamViewer, IntelBurnTest v2, Furmark v1.19.0.0, OpenHardwareMonitor v0.9.6, GeForce Driver, directx_Jun2010_redist, VC_redist.x64, VC_redist.x86, HEVC Codec, Core Temp ,Vive Console 2.1.24.7","Origin Black PC","BPC108","BPC108",,"Pulseworks Shop",,,,"Assets","","",,"",,"","","",,,,,"06/29/2026 02:42 PM","Operational",,"","","","",,
"sSuf40lmAv","VR Client PC BPC109","Origin Black computer, VR Client PC. 
Simulator Type : 4DX
Headset Type : Vive Pro 2
Windows Version : 11 Pro
Control Software Installed : VR Client Launcher 2.04
Power Supply : 850w
Motherboard :  ASUS ROG STRIX Z890-i GAMING
GPU : RTX 5070
CPU : intel core ultra 9 285K
RAM : 32G DDR5
Galil : N/A
Date : 6-29-2026 Miheer and  Ethen
Other Software Installed :Steam, SteamVR 2.12.14, TeamViewer, IntelBurnTest v2, Furmark v1.19.0.0, OpenHardwareMonitor v0.9.6, GeForce Driver, directx_Jun2010_redist, VC_redist.x64, VC_redist.x86, HEVC Codec, Core Temp ,Vive Console 2.1.24.7","Origin Black PC"," BPC109","BPC109",,"Pulseworks Shop",,,,"Assets","","",,"",,"","","",false,,,,"06/29/2026 03:03 PM","Operational",,"","","","",,
"ETAzg7krdY","VR Client PC BPC110","Origin Black computer, VR Client PC. 
Simulator Type : 4DX
Headset Type : Vive Pro 2
Windows Version : 11 Pro
Control Software Installed : VR Client Launcher 2.04
Power Supply : 850w
Motherboard :  ASUS ROG STRIX Z890-i GAMING
GPU : RTX 5070
CPU : intel core ultra 9 285K
RAM : 32G DDR5
Galil : N/A
Date : 7-2-2026 Miheer and  Ethen
Other Software Installed :Steam, SteamVR 2.12.14, TeamViewer, IntelBurnTest v2, Furmark v1.19.0.0, OpenHardwareMonitor v0.9.6, GeForce Driver, directx_Jun2010_redist, VC_redist.x64, VC_redist.x86, HEVC Codec, Core Temp ,Vive Console 2.1.24.7","Origin Black PC","BPC110","BPC110",,"Pulseworks Shop",,,,"Assets","","",,"",,"","","",,,,,"07/02/2026 07:43 AM","Operational",,"","","","",,
"mcM3tbxnqC","VR Client PC BPC111","Origin Black computer, VR Client PC. 
Simulator Type : 4DX
Headset Type : Vive Pro 2
Windows Version : 11 Pro
Control Software Installed : VR Client Launcher 2.04
Power Supply : 850w
Motherboard :  ASUS ROG STRIX Z890-i GAMING
GPU : RTX 5070
CPU : intel core ultra 9 285K
RAM : 32G DDR5
Galil : N/A
Date : 7-2-2026 Miheer and  Ethen
Other Software Installed :Steam, SteamVR 2.12.14, TeamViewer, IntelBurnTest v2, Furmark v1.19.0.0, OpenHardwareMonitor v0.9.6, GeForce Driver, directx_Jun2010_redist, VC_redist.x64, VC_redist.x86, HEVC Codec, Core Temp ,Vive Console 2.1.24.7","Origin Black PC","BPC111","BPC111",,"Pulseworks Shop",,,,"Assets","","",,"",,"","","",,,,,"07/02/2026 08:01 AM","Operational",,"","","","",,
"JwUuBxVuzn","VR Client PC BPC112","Origin Black computer, VR Client PC. 
Simulator Type : 4DX
Headset Type : DPVR E4C 
Windows Version : 11 Pro
Control Software Installed : VR Client Launcher 2.04
Power Supply : 850w
Motherboard :  MSI MPG Z790i
GPU : RTX 4070
CPU : i9-13900K
RAM : 32G DDR5
Galil : N/A
Date : 7-30-2026 Miheer and Ethen and Akash
Other Software Installed : Steam, Steam VR v2.12.14, Team Viewer, IntelBurnTest v2, Furmark 1.19.0.0, OpenHardwareMonitor v0.9.6., GeForce Driver v572.83, directx_Jun2010_redist, VC_redist.x64, VC_redistx86, HEVC Codec, DPVRAssistantSetup, Core Temp","Origin Black PC","BPC112","BPC112",,"Pulseworks Shop",,,,"Assets","","",,"",,"","","",,,,,"07/30/2026 08:52 AM","",,"","","","",,
"Ks5fzc2AQC","VR Client PC BPC113","Origin Black computer, VR Client PC. 
Simulator Type : 4DX
Headset Type : DPVR E4C 
Windows Version : 11 Pro
Control Software Installed : VR Client Launcher 2.04
Power Supply : 850w
Motherboard :  MSI MPG Z790i
GPU : RTX 4070
CPU : i9-13900K
RAM : 32G DDR5
Galil : N/A
Date : 7-21-2026 Miheer and Ethen and Akash
Other Software Installed : Steam, Steam VR v2.12.14, Team Viewer, IntelBurnTest v2, Furmark 1.19.0.0, OpenHardwareMonitor v0.9.6., GeForce Driver v572.83, directx_Jun2010_redist, VC_redist.x64, VC_redistx86, HEVC Codec, DPVRAssistantSetup, Core Temp","Origin Black PC","BPC113","BPC113",,"Pulseworks Shop",,,,"Assets","","",,"",,"","","",,,,,"07/21/2026 07:52 AM","Operational",,"","","","",,
"tJU9FdC7s3","VR Client PC BPC114","Origin Black computer, VR Client PC. 
Simulator Type : 4DX
Headset Type : DPVR E4C 
Windows Version : 11 Pro
Control Software Installed : VR Client Launcher 2.04
Power Supply : 850w
Motherboard :  MSI MPG Z790i
GPU : RTX 4070
CPU : i9-13900K
RAM : 32G DDR5
Galil : N/A
Date : 7-17-2026 Miheer and Ethen
Other Software Installed : Steam, Steam VR v2.12.14, Team Viewer, IntelBurnTest v2, Furmark 1.19.0.0, OpenHardwareMonitor v0.9.6., GeForce Driver v572.83, directx_Jun2010_redist, VC_redist.x64, VC_redistx86, HEVC Codec, DPVRAssistantSetup, Core Temp","Origin Black PC","BPC114","BPC114",,"Pulseworks Shop",,,,"Assets","","",,"",,"","","",false,,,,"07/17/2026 06:52 AM","Operational",,"","","","",,
"e74hscoNUA","VR Client PC VC001","Origin Red computer, VR Client PC. 
Change CMOS Battery? : 5/13/25
Headset Type : HP
Windows Version : 10 Pro
Control Software Installed : VR Client Launcher 2.04
Power Supply : 850w
Motherboard :  MSI Z270i Gaming Pro Carbon AC
GPU : RTX 5070
CPU : i7-6700
RAM : 16G DDR4
Galil : N/A
Tech: Ethen and Miheer
Date:11-19-2025
Other Software Installed :Steam, SteamVR 2.13.7, TeamViewer, IntelBurnTest v2, Furmark v1.19.0.0, OpenHardwareMonitor v0.9.6, GeForce Driver, directx_Jun2010_redist, VC_redist.x64, VC_redist.x86, Windows Mixed Reality, HEVC Codec","Origin Red PC.","VC001",,,"MSI-Museum of Science and Industry",,,"miheerk@pulseworksops.com","Assets","","",,"",,"","","",false,,,,"05/29/2025 10:08 AM","Operational",,"","","","",,
"FqDnj9PJB6","VR Client PC VC002","Origin Red computer, VR Client PC. 
Change CMOS Battery? : 9-11-25
Headset Type : Vive Cosmos
Windows Version : 10 Pro
Control Software Installed : VR Client Launcher 2.04
Power Supply : 850W
Motherboard : MSI Z270i GAMING PRO CARBON AC
GPU : RTX 4070 SUPER
CPU : i7-7700K
RAM : DDR4 16 GB
Galil : N/A
Tech: Miheer
Date: 5-13-2026
Other Software Installed : Steam, SteamVR 2.15.6, TeamViewer, IntelBurnTest v2, Furmark v1.19.0.0, OpenHardwareMonitor v0.9.6, GeForce Driver, directx_Jun2010_redist, VC_redist.x64, VC_redist.x86, Vive Console 2.0.24.7, HEVC Codec, Core Temp","Origin Red PC.","VC002","VC002",,"Alabama- USS Alabama Battleship (FANA)",,,,"Assets","","",,"",,"","","",false,,,,"09/12/2025 06:57 AM","Operational",,"","","","",,
"q2shoWSGp8","VR Client PC VC003","Origin Red computer, VR Client PC. 
Change CMOS Battery? : 7/13/26
Headset Type : DPVR E4C
Windows Version : 10 Pro
Control Software Installed : VR Client Launcher 2.04
Power Supply : 850w
Motherboard :  ASUS Rog Strix Z390-I Gaming
GPU : RTX 4070
CPU : i7-8700K
RAM : 16G DDR4
Galil : N/A
Tech: Miheer, Ethen, and Akash
Date:7/16/26
Other Software Installed : Steam, SteamVR 2.12.14, TeamViewer, IntelBurnTest v2, Furmark v1.19.0.0, OpenHardwareMonitor v0.9.6, GeForce Driver, directx_Jun2010_redist, VC_redist.x64, VC_redist.x86, DPVRAssistantSetup3.9.26, HEVC Codec, Core Temp
","Origin Red PC","VC003",,,"Pulseworks Shop",,,,"Assets","","",,"",,"","","",false,,,,"07/13/2026 10:54 AM","Operational",,"","","","",,
"nafCRVD7O6","VR Client PC VC004","Origin Red computer, VR Client PC.  Change CMOS Battery? : ??? Headset Type : DPVR E4C Windows Version : 10 Pro Control Software Installed : VR Client Launcher 2.04 Power Supply : 850w Motherboard :  ???390i GPU : RTX 4070 CPU : i7-9900K RAM : 16G DDR4 Galil : N/A Tech: Andre Date:4/16/25 Other Software Installed : Steam, Steam VR v2.9.6, Team Viewer, IntelBurnTest v2, Furmark 1.19.0.0, OpenHardwareMonitor v0.9.6, GeForce Driver v572.83, directx_Jun2010_redist, VC_redist.x64, VC_redistx86, HEVC Codec, DPVRAssistantSetup.","Origin Red PC.","VC004","","","Pulseworks Shop","",,,"Assets","","",,"",,"","","",false,,"","","04/22/2025 09:23 AM","Operational",,"","","","",,
"XUYzkCiG9U","VR Client PC VC005","Origin Red computer, VR Client PC. 
Change CMOS Battery? : 8/20/25
Headset Type : Vive Cosmos
Windows Version : 11 Pro
Control Software Installed : VR Client Launcher 2.04
Power Supply : 850w
Motherboard :  AsRock Z790i
GPU : RTX 2080
CPU : i9-14700
RAM : 32G DDR5
Galil : N/A
Tech: Miheer
Date:3/26/26
Other Software Installed : Steam, Steam VR v2.9.6, Team Viewer, IntelBurnTest v2, Furmark 1.19.0.0, OpenHardwareMonitor v0.9.6, GeForce Driver v572.83, directx_Jun2010_redist, VC_redist.x64, VC_redistx86, HEVC Codec, Vive Console 2.0.24.7 
","Origin Red PC.","VC005","VC005",,"Pulseworks Shop",,,,"Assets","","",,"",,"","","",,,,,"04/06/2026 11:08 AM","Operational",,"","","","",,
"HVeGwZSUA9","VR Client PC VC006","Origin Red computer, VR Client PC. 
Change CMOS Battery? : 10-7-25
Headset Type : HP
Windows Version : 10 Pro
Control Software Installed : VR Client Launcher 2.04
Power Supply : 850W
Motherboard : ASUS ROG STRIX Z390-i Gaming
GPU : RTX 4070
CPU : i7-9700K
RAM : 32 GB DDR4
Galil : N/A
Tech: Miheer
Date: 04-03-26
Other Software Installed : Steam, SteamVR 2.14.4, TeamViewer, IntelBurnTest v2, Furmark v1.19.0.0, OpenHardwareMonitor v0.9.6, GeForce Driver, directx_Jun2010_redist, VC_redist.x64, VC_redist.x86, Windows Mixed Reality, HEVC Codec, Core Temp
","Origin Red PC.","VC006","VC006",,"FMNH-Field Museum of Natural History",,,,"Assets","","",,"",,"","","",false,,,,"10/06/2025 02:23 PM","Operational",,"","","","",,
"uTsQGg9NbO","VR Client PC VC007","Origin Red computer, VR Client PC. 
CMOS Battery Change: 2-28-25
Headset Type : DPVR E4C
Windows Version : 10 Pro
Control Software Installed : VR Client Launcher 2.04
Power Supply : 850w
Motherboard :  ASUS ROG STRIX Z390-i Gaming
GPU : RTX 4070
CPU : i7-8700K
RAM : 16G DDR4
Galil : N/A
Date : 10/16/25 Miheer
Other Software Installed : Steam, SteamVR 2.12.14, TeamViewer, IntelBurnTest v2, Furmark v1.19.0.0, OpenHardwareMonitor v0.9.6, GeForce Driver, directx_Jun2010_redist, VC_redist.x64, VC_redist.x86, DPVRAssistantSetup3.9.26, HEVC Codec","Origin Red PC.","VC007",,,"Pulseworks Shop",,,,"Assets","","",,"",,"","","",false,,,,"03/20/2025 09:33 AM","Operational",,"","","","",,
"yhQT8kGbR2","VR Client PC VC008","Origin Red computer, VR Client PC. 
Simulator Type : 
Headset Type : HP 
Windows Version : 10 Pro
Control Software Installed : VR Client Launcher 2.04
Power Supply : 850w
Motherboard :  MSI Z270i
GPU : RTX 4070
CPU : i7-7700K
RAM : 16G DDR4
Galil : N/A
Date : 3/10/25 Ethen
Other Software Installed : Steam, Steam VR v2.9.6, WMR, Team Viewer, IntelBurnTest v2, Furmark 1.19.0.0, OpenHardwareMonitor v0.9.6.","Origin Red PC.","VC008",,"","MSI-Museum of Science and Industry",,,,"Assets","","",,"",,"","","",false,,"","","03/24/2025 09:20 AM","Operational",,"","","","",,
"x7A4EXudOb","VR Client PC VC009","Origin Red computer, VR Client PC. 
Change CMOS Battery? : ???
Headset Type : 
Windows Version : 
Control Software Installed :
Power Supply : 
Motherboard : 
GPU : 
CPU : 
RAM : 
Galil : N/A
Tech:
Date:
Other Software Installed :
","Origin Red PC.","VC009","VC009",,"Pulseworks Shop",,,,"Assets","","",,"",,"","","",,,,,"09/12/2025 07:01 AM","Operational",,"","","","",,
"1ZDaLgGhQN","VR Client PC VC010","Origin Red computer, 
VR Client PC.  
Simulator Type :  
Headset Type : DPVR E4C  
Windows Version : 11 Pro 
Control Software Installed : VR Client Launcher 2.04 Power Supply : 850w 
Motherboard :  Gigabyte X870i AORUS PRO ICE 
GPU : AMD Radeon RX 9060 XT
CPU : AMD Ryzen 7 7700 
RAM : 32G DDR5 
Galil : N/A 
Date : 6-12-2026 Miheer and Ethen
Other Software Installed : Steam, SteamVR 2.12.14, TeamViewer, IntelBurnTest v2, Furmark v1.19.0.0, OpenHardwareMonitor v0.9.6, GeForce Driver, directx_Jun2010_redist, VC_redist.x64, VC_redist.x86, DPVRAssistantSetup3.9.26, HEVC Codec, Core Temp","Origin Red PC.","VC010","","","Pulseworks Shop","",,,"Assets","","",,"",,"","","",false,,"","","03/27/2025 10:40 AM","Operational",,"","","","",,
"zJQMUFAA4L","VR Client PC VC011","Origin Red computer, VR Client PC. 
Change CMOS Battery? : 4/24/26
Headset Type : HP
Windows Version : 10 Pro
Control Software Installed : VR Client Launcher 2.04
Power Supply : 850w
Motherboard :  Asus Strix Z370i
GPU : RTX 5070
CPU : i7-8700K
RAM : 16G DDR4
Galil : N/A
Tech: Ethen/Miheer
Date:4/30/26
Other Software Installed : Steam, Steam VR v2.9.6, Team Viewer, IntelBurnTest v2, Furmark 1.19.0.0, OpenHardwareMonitor v0.9.6, GeForce Driver v572.83, directx_Jun2010_redist, VC_redist.x64, VC_redistx86, HEVC Codec, DPVRAssistantSetup, Winhance, Vive Console 2.0.24.7. 

","Origin Red PC.","VC011","VC011",,"FMNH-Field Museum of Natural History",,,,"Assets","","",,"",,"","","",false,,,,"05/12/2026 08:28 AM","Operational",,"","","","",,
"uWQl1whhyK","VR Client PC VC012","Origin Red computer, VR Client PC. 
Change CMOS Battery? : 10/24/25
Headset Type : HP
Windows Version : 10 Pro
Control Software Installed : VR Client Launcher 2.04
Power Supply : 850w
Motherboard :  Asus Strix Z390i
GPU : RTX 5070
CPU : i7-9700K
RAM : 16G DDR4
Galil : N/A
Tech: Miheer/Ethen
Date:10/27/25
Other Software Installed : Steam, Steam VR v2.9.6, Team Viewer, IntelBurnTest v2, Furmark 1.19.0.0, OpenHardwareMonitor v0.9.6, GeForce Driver v572.83, directx_Jun2010_redist, VC_redist.x64, VC_redistx86, HEVC Codec, DPVRAssistantSetup, Winhance. 
","Origin Red PC.","VC012","VC012",,"MSI-Museum of Science and Industry",,,,"Assets","","",,"",,"","","",false,,,,"11/03/2025 07:11 AM","Operational",,"","","","",,
"zHXfZ2gKHL","VR Client PC VC013","Origin Red computer, VR Client PC. 
Change CMOS Battery? : ???
Headset Type : 
Windows Version : 
Control Software Installed :
Power Supply : 
Motherboard : 
GPU : 
CPU : 
RAM : 
Galil : N/A
Tech:
Date:
Other Software Installed :
","Origin Red PC.","VC013","VC013",,"MSI-Museum of Science and Industry",,,,"Assets","","",,"",,"","","",,,,,"02/16/2026 07:23 AM","Operational",,"","","","",,
"stGazJvD6Q","VR Client PC VC014","Origin Red computer, VR Client PC. 
Change CMOS Battery? : 06-16-2025
Headset Type : Vive Cosmos
Windows Version : 10 Pro
Control Software Installed : VR Client Launcher 2.04
Power Supply : 850W
Motherboard : MSI Z270i Gaming Pro Carbon AC
GPU : GeForce RTX 5070 
CPU : i7-7700K
RAM : 16GB DDR4
Galil : N/A
Tech: Miheer
Date: 09-12-2025
Other Software Installed :  Steam, SteamVR 2.12.14, TeamViewer, IntelBurnTest v2, Furmark v1.19.0.0, OpenHardwareMonitor v0.9.6, 
GeForce Driver, directx_Jun2010_redist, VC_redist.x64, VC_redist.x86, Vive Console 2.0.24.7, HEVC Codec","Origin Red PC.","VC014",,,"Alabama- USS Alabama Battleship (FANA)",,,,"Assets","","",,"",,"","","",false,,,,"08/19/2025 06:55 AM","Operational",,"","","","",,
"gctiEKQglb","VR Client PC VC015","Origin Red computer, VR Client PC. 
Change CMOS Battery? : 03-24-2026
Headset Type : HP 
Windows Version : 10 Pro
Control Software Installed : VR Client Launcher 2.04
Power Supply : 850W
Motherboard : MSI 270i GAMING PRO CARBON AC
GPU : RTX 5070
CPU : i7-6700
RAM : DDR4 32 GB
Galil : N/A
Tech: Ethen and Miheer
Date: 04-16-2026
Other Software Installed : Steam, SteamVR 2.15.6, TeamViewer, IntelBurnTest v2, Furmark v1.19.0.0, OpenHardwareMonitor v0.9.6, GeForce Driver, directx_Jun2010_redist, VC_redist.x64, VC_redist.x86, Windows Mixed Reality, HEVC Codec, Core Temp","Origin Red PC.","VC015",,,"Pulseworks Shop",,,,"Assets","","",,"",,"","","",false,,,,"06/06/2025 01:25 PM","Operational",,"","","","",,
"8EBwNYHkod","VR Client PC VC016","Origin Red Computer, VR Client PC
Change CMOS Battery? : 4-18-25
Headset Type : Vive
Windows Version : 10
Control Software Installed : VR Client Launcher v2.04
Power Supply : 850w
Motherboard : ASUS ROG STRIX Z390-I Gaming
GPU : Gigabyte 3070ti
CPU : i7-9700K
RAM : 16GB DDR4
Galil : N/A
Tech : Miheer & Ethen
Date : 7-08-25
Other Software Installed : Steam, SteamVR v2.9.6, Team Viewer, IntelBurnTest v2, Furmark 1.19.0.0, OpenHardwareMonitor v0.9.6, directx_Jun2010_redist, VC_redist.x64, VC_redistx86, HEVC Codec, VIVE Console 2.0.24.7, GeForce Driver v576.88","Origin Red PC.","VC016",,,"Pulseworks Shop",,,,"Assets","","",,"",,"","","",false,,,,"07/16/2025 02:00 PM","Operational",,"","","","",,
"8m35zhzhCJ","VR Client PC VC017","Origin Red computer, VR Client PC. 
Change CMOS Battery? :8/28/25
Headset Type : E4C DPVR
Windows Version : 10 Pro
Control Software Installed : VR Client Launcher 2.04
Power Supply : 850 W
Motherboard : MSI MPG Z390i  GAMING EDGE AC
GPU : GeForce RTX 4070
CPU : i7-9700K
RAM : 32GB DDR4
Galil : N/A
Tech: Miheer
Date: 9/4/25
Other Software Installed : Steam, SteamVR 2.12.14, TeamViewer, IntelBurnTest v2, Furmark v1.19.0.0, OpenHardwareMonitor v0.9.6, GeForce Driver, directx_Jun2010_redist, VC_redist.x64, VC_redist.x86, DPVRAssistantSetup3.9.26, HEVC Codec","Origin Red PC.","VC017","VC017",,"Pulseworks Shop",,,,"Assets","","",,"",,"","","",false,,,,"08/19/2025 06:55 AM","Operational",,"","","","",,
"RK4os4I17n","VR Client PC VC018","Origin Red computer, VR Client PC. 
Simulator Type :
Headset Type : Vive Cosmos 
Windows Version : 10 Pro
Control Software Installed : VR Client Launcher 2.04
Power Supply : 850w
Motherboard :  MSI Z270i
GPU : RTX 4070 Super
CPU : i7-8700K
RAM : 16G DDR4
Galil : N/A
Date : 1/24/25 Ethen
Other Software Installed : Steam, Steam VR, WMR, Team Viewer.","Origin Red PC.","VC018",,,"Pulseworks Shop",,,,"Assets","","",,"",,"","","",false,,,,"03/05/2025 10:19 AM","Operational",,"","","","",,
"PQpLIUCRdn","VR Client PC VC019","Origin Red computer, 
VR Client PC.  
Change CMOS Battery? : 6-22-26
Headset Type : HP 
Windows Version : 10 Pro 
Control Software Installed : VR Client Launcher 2.04 
Power Supply : 850 W 
Motherboard : STRIX Z370-I 
GPU : RTX 4070
CPU : i7-8700k 
RAM : DDR4 16GB 
Galil : N/A 
Tech: Miheer and Ethen
Date: 06-23-2026
Other Software Installed :Steam, SteamVR 2.12.14, TeamViewer, IntelBurnTest v2, Furmark v1.19.0.0, OpenHardwareMonitor v0.9.6, GeForce Driver, directx_Jun2010_redist, VC_redist.x64, VC_redist.x86, Windoes Mixed Reality, HEVC Codec","Origin Red PC.","VC019","","","Pulseworks Shop","",,,"Assets","","",,"",,"","","",false,,"","","08/19/2025 06:55 AM","Operational",,"","","","",,
"arxVC3hVcy","VR Client PC VC020","Origin Red computer, VR Client PC. 
Change CMOS Battery: 4-8-2025
Headset Type : DPVR E4C
Windows Version : 10 Pro
Control Software Installed : VR Client Launcher 2.04
Power Supply : 850W
Motherboard :  ASUS ROG STRIX Z370-I GAMING
GPU : GeForce RTX 4070
CPU : i7-8700K
RAM : 16GB DDR4
Galil : N/A
Tech: Miheer 
Date:8/11/25
Other Software Installed : Steam, SteamVR v2.12.9, Team Viewer, IntelBurnTest v2, Furmark v1.19.0.0, OpenHardwareMonitor v0.9.6, GeForce Driver v572.83, directx_Jun2010_redist, VC_redist.x64, VC_redist.x86, DPVR Assistant, HEVC Codec","Origin Red PC.","VC020",,,"HAZY-Steven F. Udvar-Hazy Center",,,,"Assets","","",,"",,"","","",false,,,,"04/22/2025 09:23 AM","Operational",,"","","","",,
"Bdu0W1zWiY","VR Client PC VC021","Origin Red computer, VR Client PC. 
Change CMOS Battery? : 8-26-25
Headset Type : DPVR E4C
Windows Version : 10 Pro
Control Software Installed : VR Client Launcher 2.04
Power Supply : 850W
Motherboard : ASUS ROG STRIX Z370-I GAMING
GPU : GeForce RTX 4070 
CPU : i7-8700K
RAM : 16GB DDR4
Galil : N/A
Tech: Miheer
Date: 09-04-2025
Other Software Installed : Steam, SteamVR 2.12.14, TeamViewer, IntelBurnTest v2, Furmark v1.19.0.0, OpenHardwareMonitor v0.9.6, GeForce Driver, directx_Jun2010_redist, VC_redist.x64, VC_redist.x86, DPVRAssistantSetup3.9.26, HEVC Codec","Origin Red PC.","VC021",,,"Intrepid - Intrepid Sea Air & Space Museum (FANA)",,,,"Assets","","",,"",,"","","",false,,,,"08/19/2025 06:55 AM","Operational",,"","","","",,
"OHF18G7xYV","VR Client PC VC022","Origin Red computer, VR Client PC. 
Change CMOS Battery? : 8-29-25
Headset Type : DPVR E4C 
Windows Version : 10 Pro
Control Software Installed : VR Client Launcher 2.04
Power Supply : 850W
Motherboard : ASUS ROG STRIX Z370-I GAMING
GPU : GeForce RTX 4070 
CPU : i7-8700K 
RAM : 16GB DDR4
Galil : N/A
Tech: Miheer
Date: 6-19-2026
Other Software Installed : Steam, SteamVR 2.12.14, TeamViewer, IntelBurnTest v2, Furmark v1.19.0.0, OpenHardwareMonitor v0.9.6, 
GeForce Driver, directx_Jun2010_redist, VC_redist.x64, VC_redist.x86, DPVR Assistant, HEVC Codec, Core Temp","Origin Red PC.","VC022",,,"USSRC-U.S. Space and Rocket Center",,,,"Assets","","",,"",,"","","",false,,,,"08/19/2025 06:55 AM","Operational",,"","","","",,
"DWoBDiPYnE","VR Client PC VC023","Origin Red computer, VR Client PC. 
Change CMOS Battery? : 4-1-2026
Headset Type : Vive Cosmos
Windows Version : 10 Pro
Control Software Installed : VR Client Launcher 2.04
Power Supply : 850W
Motherboard : MSI Z270i GAMING PRO CARBON AC
GPU : RTX 4070
CPU : i7-7700K
RAM : 32 GB DDR4
Galil : N/A
Tech: Miheer
Date: 04-07-2026
Other Software Installed : Steam, SteamVR 2.15.6, TeamViewer, IntelBurnTest v2, Furmark v1.19.0.0, OpenHardwareMonitor v0.9.6, GeForce Driver, directx_Jun2010_redist, VC_redist.x64, VC_redist.x86, Vive Console 2.0.24.7, HEVC Codec, Core Temp
","Origin Red PC.","VC023","VC023",,"Alabama- USS Alabama Battleship (FANA)",,,,"Assets","","",,"",,"","","",false,,,,"04/06/2026 10:57 AM","Operational",,"","","","",,
"zCUZVKhh09","VR Client PC VC024","Origin Red computer, VR Client PC. 
Change CMOS Battery? : 1/20/26
Headset Type : DPVR E4C
Windows Version : 11 Pro
Control Software Installed : VR Client Launcher 2.04
Power Supply : 850w
Motherboard :  Asus Strix B760i
GPU : RTX 5070
CPU : i9-14900K
RAM : 32G DDR5
Galil : N/A
Tech: Miheer
Date:2/23/26
Other Software Installed : Steam, Steam VR v2.9.6, Team Viewer, IntelBurnTest v2, Furmark 1.19.0.0, OpenHardwareMonitor v0.9.6, GeForce Driver v572.83, directx_Jun2010_redist, VC_redist.x64, VC_redistx86, HEVC Codec, DPVRAssistantSetup, Winhance. 
","Origin Red PC.","VC024","VC024",,"Pulseworks Shop",,,,"Assets","","",,"",,"","","",false,,,,"02/26/2026 07:58 AM","Operational",,"","","","",,
"xYpFgAjZdm","VR Client PC VC025","Origin Red computer, VR Client PC. 
Change CMOS Battery? :  1-6-26
Headset Type : HP
Windows Version : 10 Pro
Control Software Installed : VR Client Launcher 2.04
Power Supply : 850W
Motherboard : ASUS ROG STRIX Z370-i GAMING
GPU : RTX 4070
CPU : i7-8700K
RAM : 32 GB DDR4
Galil : N/A
Tech: Miheer & Ethen
Date: 05-26-2026
Other Software Installed : Steam, SteamVR 2.12.14, TeamViewer, IntelBurnTest v2, Furmark v1.19.0.0, OpenHardwareMonitor v0.9.6, GeForce Driver, directx_Jun2010_redist, VC_redist.x64, VC_redist.x86, Windows Mixed Reality, HEVC Codec
","Origin Red PC.","VC025","VC025",,"Pulseworks Shop",,,,"Assets","","",,"",,"","","",false,,,,"01/07/2026 08:18 AM","Operational",,"","","","",,
"eD6DcMiuOJ","VR Client PC VC026","Origin Red computer, VR Client PC. 
Headset Type :  HP
Windows Version : 10 Pro
Control Software Installed : VR Client Launcher 2.04
Power Supply : 850w
Motherboard :  ASUS ROG STRIX Z370-i
GPU : RTX 5070
CPU : i7-8700K
RAM : 16G DDR4
Galil : N/A
Date : 6-9-2026 Miheer and Ethen
Other Software Installed : Steam, SteamVR 2.12.14, TeamViewer, IntelBurnTest v2, Furmark v1.19.0.0, OpenHardwareMonitor v0.9.6, GeForce Driver, directx_Jun2010_redist, VC_redist.x64, VC_redist.x86, Windows Mixed Reality, HEVC Codec, Core Temp","Origin Red PC.","VC026",,,"Pulseworks Shop",,,,"Assets","","",,"",,"","","",false,,,,"03/05/2025 09:56 AM","Operational",,"","","","",,
"5GoRZzCRBr","VR Client PC VC027","Origin Red computer, VR Client PC. 
Change CMOS Battery? : 5-6-26
Headset Type : DPVR E4C
Windows Version : 10 Pro
Control Software Installed : VR Client Launcher 2.04
Power Supply : 850W
Motherboard : MSI MPG Z390i GAMING EDGE AC
GPU : RTX 5070
CPU : i7-8700K
RAM : DDR4 16B
Galil : N/A
Tech: Miheer and Ethen
Date: 05-06-2026
Other Software Installed : Steam, SteamVR 2.12.14, TeamViewer, IntelBurnTest v2, Furmark v1.19.0.0, OpenHardwareMonitor v0.9.6, GeForce Driver, directx_Jun2010_redist, VC_redist.x64, VC_redist.x86, DPVRAssistantSetup3.9.26, HEVC Codec, Core Temp
","Origin Red PC.","VC027","VC027",,"Intrepid - Intrepid Sea Air & Space Museum (FANA)",,,,"Assets","","",,"",,"","","",false,,,,"05/01/2026 06:58 AM","Operational",,"","","","",,
"GsU2rwreOE","VR Client PC VC028","Origin Red computer, VR Client PC. 
Simulator Type : 
Headset Type : E4C
Windows Version : 10 Pro
Control Software Installed : VR Client Launcher 2.04
Power Supply : 850w
Motherboard :  Asus Z790i
GPU : RTX 4070
CPU : i7-12900K
RAM : 32G DDR5
Galil : N/A
Date : 6/25/25 Miheer
Other Software Installed : Steam, Steam VR v2.9.6, Team Viewer, IntelBurnTest v2, Furmark 1.19.0.0, OpenHardwareMonitor v0.9.6, GeForce Driver v572.83, directx_Jun2010_redist, VC_redist.x64, VC_redistx86, HEVC Codec, DPVRAssistantSetup. 
","Origin Red PC.","VC028",,,"Pulseworks Shop",,,,"Assets","","",,"",,"","","",false,,,,"03/27/2025 10:36 AM","Operational",,"","","","",,
"DJ0EMW7vY6","VR Client PC VC029","Origin Red computer, 
VR Client PC.  
Change CMOS Battery? : 6-5-2026 
Headset Type : DPVR E4C 
Windows Version : 10 Pro 
Control Software Installed : VR Client Launcher 2.04 Power Supply : 850w 
Motherboard :  Asus Strix Z390i 
GPU : RTX 4070 
CPU : i7-9700K 
RAM : 32G DDR4 
Galil : N/A 
Tech: Miheer and Ethen
Date: 6-9-2026
Other Software Installed : Steam, Steam VR v2.12.14, Team Viewer, IntelBurnTest v2, Furmark 1.19.0.0, OpenHardwareMonitor v0.9.6, GeForce Driver v572.83, directx_Jun2010_redist, VC_redist.x64, VC_redistx86, HEVC Codec, DPVRAssistantSetup, Core Temp","Origin Red PC.","VC029","","","USAFM-National Museum of the United States Air Force","",,,"Assets","","",,"",,"","","",false,,"","","04/22/2025 09:23 AM","Operational",,"","","","",,
"otDqIpjKZe","VR Client PC VC030","Origin Red computer, VR Client PC. 
Change CMOS Battery? : ???
Headset Type : DPVR E4C
Windows Version : 10 Pro
Control Software Installed : VR Client Launcher 2.04
Power Supply : 850w
Motherboard :  B760i
GPU : RTX 4070 Super
CPU : i7-12700K
RAM : 32G DDR5
Galil : N/A
Tech: Miheer
Date:7/3/25
Other Software Installed : Steam, Steam VR v2.9.6, Team Viewer, IntelBurnTest v2, Furmark 1.19.0.0, OpenHardwareMonitor v0.9.6, GeForce Driver v572.83, directx_Jun2010_redist, VC_redist.x64, VC_redistx86, HEVC Codec, DPVRAssistantSetup. 
","Origin Red PC.","VC030",,,"Pulseworks Shop",,,,"Assets","","",,"",,"","","",false,,,,"03/20/2025 09:29 AM","Operational",,"","","","",,
"suO3GXW2oo","VR Client PC VC031","Origin Red computer, VR Client PC. 
CMOS Battery Change : 10-17-2025
Headset Type : HP
Windows Version : 10 Pro
Control Software Installed : VR Client Launcher 2.04
Power Supply : 850w
Motherboard :  MPG Z390i GAMING EDGE AC
GPU : RTX 4070
CPU : i7-8700K
RAM : 16GB DDR4
Galil : N/A
Date : 10-24-2025 Miheer and Ethen
Other Software Installed : Steam, SteamVR 2.12.14, TeamViewer, IntelBurnTest v2, Furmark v1.19.0.0, OpenHardwareMonitor v0.9.6, GeForce Driver, directx_Jun2010_redist, VC_redist.x64, VC_redist.x86, Windows Mixed Reality, HEVC Codec","Origin Red PC.","VC031",,,"SLSC-St. Louis Science Center",,,,"Assets","","",,"",,"","","",false,,,,"03/20/2025 09:21 AM","Operational",,"","","","",,
"eLcKL7ekEX","VR Client PC VC032","Origin Red computer, VR Client PC.
CMOS Battery Change: 10-07-2025  
Headset Type : DPVR E4C
Windows Version : 10 Pro
Control Software Installed : VR Client Launcher 2.04
Power Supply : 850w
Motherboard :  ASUS ROG STRIX Z370-i Gaming
GPU : RTX 4070
CPU : i7-9700K
RAM : 16GB DDR4
Galil : N/A
Date : 10-09-2025 Miheer & Ethen
Other Software Installed : Steam, SteamVR 2.12.14, TeamViewer, IntelBurnTest v2, Furmark v1.19.0.0, OpenHardwareMonitor v0.9.6, GeForce Driver, directx_Jun2010_redist, VC_redist.x64, VC_redist.x86, DPVRAssistantSetup3.9.26, HEVC Codec","Origin Red PC.","VC032",,,"MOSI Tampa",,,,"Assets","","",,"",,"","","",false,,,,"03/05/2025 10:23 AM","Operational",,"","","","",,
"VgwBqEhWP0","VR Client PC VC033","Origin Red computer, VR Client PC. 
Simulator Type : 
Headset Type : DPVR E4C 
Windows Version : 10 Pro
Control Software Installed : VR Client Launcher 2.04
Power Supply : 850W
Motherboard : MSI Z370I
GPU : RTX 5070
CPU : i7-8700K
RAM : 16GB DDR4
Galil : N/A
Date : 7/21/2026, Akash. Ethen, And Miheer
Other Software Installed :Steam, SteamVR 2.12.14, TeamViewer, IntelBurnTest v2, Furmark v1.19.0.0, OpenHardwareMonitor v0.9.6, GeForce Driver, directx_Jun2010_redist, VC_redist.x64, VC_redist.x86, DPVRAssistantSetup3.9.26, HEVC Codec, Core Temp
","Origin Red PC.","VC033","","","Patriots Point-Patriots Point Naval & Maritime Museum (FANA)","",,,"Assets","","",,"",,"","","",false,,"","","05/29/2025 10:14 AM","Operational",,"","","","",,
"FNe8JAYA6F","VR Client PC VC034","Origin Red computer, VR Client PC. 
Change CMOS Battery? : 2/6/26
Headset Type : DPVR E4C
Windows Version : 10 Pro
Control Software Installed : VR Client Launcher 2.04
Power Supply : 850w
Motherboard :  Asus Strix Z390i
GPU : RTX 5070
CPU : i7-8700K
RAM : 16G DDR4
Galil : N/A
Tech: Miheer
Date:3/27/26
Other Software Installed : Steam, Steam VR v2.9.6, Team Viewer, IntelBurnTest v2, Furmark 1.19.0.0, OpenHardwareMonitor v0.9.6, GeForce Driver v572.83, directx_Jun2010_redist, VC_redist.x64, VC_redistx86, HEVC Codec, DPVRAssistantSetup. 
","Origin Red PC.","VC034","VC034",,"Patriots Point-Patriots Point Naval & Maritime Museum (FANA)",,,,"Assets","","",,"",,"","","",false,,,,"04/06/2026 11:15 AM","Operational",,"","","","",,
"oXI1UpBvoZ","VR Client PC VC035","Origin Red computer, VR Client PC. 
CMOS Batt : New 05-15-2026
Headset Type : DPVR E4C
Windows Version : 11 Pro
Control Software Installed : VR Client Launcher 2.04
Power Supply : 850w
Motherboard :  ASUS ROG STRIX B760-i
GPU : RTX 4070 Super
CPU : i7-14700
RAM : 32G DDR5
Galil : N/A
Date : 05-18-2026 Miheer
Other Software Installed : Steam, SteamVR 2.12.14, TeamViewer, IntelBurnTest v2, Furmark v1.19.0.0, OpenHardwareMonitor v0.9.6, GeForce Driver, directx_Jun2010_redist, VC_redist.x64, VC_redist.x86, DPVRAssistantSetup3.9.26, HEVC Codec, Core Temp","Origin Red PC","VC035","VC035",,,,,,"Assets","","",,"",,"","","",,,,,"05/27/2026 01:39 PM","Operational",,"","","","",,
"Nj2ZNEXbl8","VR Client PC VC036","Origin Red computer, VR Client PC. 
Change CMOS Battery? : 6/11/25
Headset Type : E4C
Windows Version : 10 Pro
Control Software Installed : VR Client Launcher 2.04
Power Supply : 850w
Motherboard :  MSI Z270i Gaming Pro Carbon
GPU : RTX 3070Ti
CPU : i7-7700K
RAM : 16G DDR4
Galil : N/A
Tech: Miheer
Date:6/25/25
Other Software Installed : Steam, Steam VR v2.9.6, Team Viewer, IntelBurnTest v2, Furmark 1.19.0.0, OpenHardwareMonitor v0.9.6, GeForce Driver v572.83, directx_Jun2010_redist, VC_redist.x64, VC_redistx86, HEVC Codec, DPVRAssistantSetup.","Origin Red PC.","VC036",,,"Pulseworks Shop",,,,"Assets","","",,"",,"","","",false,,,,"05/29/2025 11:39 AM","Operational",,"","","","",,
"mWlGS1xRaD","VR Client PC VC037","Origin Red computer, VR Client PC. 
Simulator Type :
Headset Type : HP 
Windows Version : 10 Pro
Control Software Installed : VR Client Launcher 2.04
Power Supply : 850w
Motherboard :  MSI Z270i
GPU : RTX 3070Ti
CPU : i7-7700K
RAM : 16G DDR4
Galil : N/A
Date : 6/30/25 Miheer
Other Software Installed : Steam, Steam VR v2.9.6, Team Viewer, IntelBurnTest v2, Furmark 1.19.0.0, OpenHardwareMonitor v0.9.6, GeForce Driver v572.83, directx_Jun2010_redist, VC_redist.x64, VC_redistx86, HEVC Codec, WMR. 
","Origin Red PC.","VC037",,,"Pulseworks Shop",,,,"Assets","","",,"",,"","","",false,,,,"03/05/2025 10:03 AM","Operational",,"","","","",,
"NCFp3OECEt","VR Client PC VC038","Origin Red computer, VR Client PC. 
Headset Type : DPVR E4C
CMOS Battery Change: 2-6-26
Windows Version : 10 Pro
Control Software Installed : VR Client Launcher 2.04
Power Supply : 850W
Motherboard :  ASUS ROG STRIX Z390-i GAMING
GPU : RTX 5070
CPU : i7-8700
RAM : 32GB DDR4
Galil : N/A
Date : 6-17-2026 Miheer
Other Software Installed : Steam, SteamVR 2.12.14, TeamViewer, IntelBurnTest v2, Furmark v1.19.0.0, OpenHardwareMonitor v0.9.6, GeForce Driver, directx_Jun2010_redist, VC_redist.x64, VC_redist.x86, DPVR Assistant, HEVC Codec, Core Temp","Origin Red PC.","VC038",,,"Intrepid - Intrepid Sea Air & Space Museum (FANA)",,,,"Assets","","",,"",,"","","",false,,,,"05/05/2025 06:03 AM","Operational",,"","","","",,
"nIWjYERXhT","VR Client PC VC039","Origin Red computer, VR Client PC. 
Change CMOS Battery? : 3-11-26 New Mb installed
Headset Type : DPVR E4C
Windows Version : 11 Pro
Control Software Installed : VR Client Launcher 2.04
Power Supply : 850W
Motherboard : ASUS ROG STRIX B760-i GAMING
GPU : RTX 5070
CPU : i9-14900
RAM : 32 GB DDR5
Galil : N/A
Tech: Miheer
Date: 03-18-2026
Other Software Installed : Steam, SteamVR 2.14.5, TeamViewer, IntelBurnTest v2, Furmark v1.19.0.0, OpenHardwareMonitor v0.9.6, GeForce Driver, directx_Jun2010_redist, VC_redist.x64, VC_redist.x86, DPVRAssistantSetup3.9.26, HEVC Codec, Core Temp","Origin Red PC.","VC039",,,"Patriots Point-Patriots Point Naval & Maritime Museum (FANA)",,,,"Assets","","",,"",,"","","",false,,,,"06/03/2025 08:27 AM","Operational",,"","","","",,
"i0Uz1GjulJ","VR Client PC VC040","Origin Red computer, VR Client PC. 
Change CMOS Battery? : 6/25/25
Headset Type : HP
Windows Version : 10 Pro
Control Software Installed : VR Client Launcher 2.04
Power Supply : 850W
Motherboard : Strix Z390i
GPU : I7 - 8700K
CPU : RTX3070Ti
RAM : 16Gb DDR4
Galil : N/A
Tech: Miheer
Date: 6/30/25 
Other Software Installed : Steam, Steam VR v2.9.6, Team Viewer, IntelBurnTest v2, Furmark 1.19.0.0, OpenHardwareMonitor v0.9.6, GeForce Driver v572.83, directx_Jun2010_redist, VC_redist.x64, VC_redistx86, HEVC Codec, WMR. 
","Origin Red PC.","VC040","VC040",,"Pulseworks Shop",,,,"Assets","","",,"",,"","","",false,,,,"06/25/2025 10:13 AM","Operational",,"","","","",,
"FH2CG2CjMI","VR Client PC VC041","Origin Red computer, VR Client PC. 
Change CMOS Battery? : 12-15-25
Headset Type : DPVR E4C
Windows Version : 10 Pro
Control Software Installed : VR Client Launcher 2.04
Power Supply : 850W
Motherboard : MSI Z270i GAMING PRO CARBON
GPU : RTX 5070
CPU : i7-6700
RAM : 32 GB DDR4
Galil : N/A
Tech: Miheer
Date: 12-23-2025
Other Software Installed : Steam, SteamVR 2.14.4, TeamViewer, IntelBurnTest v2, Furmark v1.19.0.0, OpenHardwareMonitor v0.9.6, GeForce Driver, directx_Jun2010_redist, VC_redist.x64, VC_redist.x86, DPVRAssistantSetup3.9.26, HEVC Codec","Origin Red PC.","VC041","","","USAFM-National Museum of the United States Air Force","",,,"Assets","","",,"",,"","","",false,,"","","03/10/2025 07:44 AM","Operational",,"","","","",,
"eogsIzPodt","VR Client PC VC042","Origin Red computer, VR Client PC. 
Change CMOS Battery? : ???
Headset Type : 
Windows Version : 
Control Software Installed :
Power Supply : 
Motherboard : 
GPU : 
CPU : 
RAM : 
Galil : N/A
Tech:
Date:
Other Software Installed :","Origin Red PC.","VC042","VC042",,"Pulseworks Shop",,,,"Assets","","",,"",,"","","",,,,,"10/14/2025 10:35 AM","Operational",,"","","","",,
"uL7Dmds5cA","VR Client PC VC043","Origin Red computer, VR Client PC.  
CMOS Battery:  6-5-2026
Headset Type : HP 
Windows Version : 10 Pro
Control Software Installed : VR Client Launcher 2.04 
Power Supply : 850w 
Motherboard : ASUS ROG STRIX Z370-i GAMING
GPU : RTX 5070
CPU : i7-8700K
RAM : 16 GB DDR4
Galil : N/A 
Date :  07-06-2026
Other Software Installed : Steam, SteamVR 2.12.14, TeamViewer, IntelBurnTest v2, Furmark v1.19.0.0, OpenHardwareMonitor v0.9.6, GeForce Driver, directx_Jun2010_redist, VC_redist.x64, VC_redist.x86, Windows Mixed Reality, HEVC Codec, Core Temp","Origin Red PC","VC043","","","Pulseworks Shop","",,,"Assets","","",,"",,"","","",false,,"","","08/04/2025 01:36 PM","Operational",,"","","","",,
"PndtCirQEy","VR Client PC VC044","Origin Red computer, VR Client PC. 
Change CMOS Battery? : 
Headset Type : 
Windows Version : 10 Pro
Control Software Installed : VR Client Launcher 2.04
Power Supply : 850w
Motherboard :  ASRock Z790i
GPU : RTX 4070 Super
CPU : i7-12700K
RAM : 32G DDR5
Galil : N/A
Tech: Billy
Date: 4/25/25
Other Software Installed : Steam, Steam VR v2.9.6, Team Viewer, IntelBurnTest v2, Furmark 1.19.0.0, OpenHardwareMonitor v0.9.6, GeForce Driver v572.83, directx_Jun2010_redist, VC_redist.x64, VC_redistx86, HEVC Codec.","Origin Red PC.","VC044",,,"Pulseworks Shop",,,,"Assets","","",,"",,"","","",false,,,,"07/10/2025 08:32 AM","Operational",,"","","","",,
"pp5zQyMHVO","VR Client PC VC045","Origin Red computer, VR Client PC. 
Change CMOS Battery? : 5/13/25
Headset Type : Vive Cosmos
Windows Version : 10 Pro
Control Software Installed : VR Client Launcher 2.04
Power Supply : 850w
Motherboard :  MSI Z270i Gaming Pro Carbon
GPU : RTX 4070
CPU : i7-7700K
RAM : 16G DDR4
Galil : N/A
Tech: Miheer
Date: 9-18-2025
Other Software Installed : Steam, Steam VR v2.12.14, Team Viewer, IntelBurnTest v2, Furmark 1.19.0.0, OpenHardwareMonitor v0.9.6, GeForce Driver v572.83, directx_Jun2010_redist, VC_redist.x64, VC_redistx86, HEVC Codec, Vive Console2.0.24.7","Origin Red PC.","VC045",,,"Alabama- USS Alabama Battleship (FANA)",,,,"Assets","","",,"",,"","","",false,,,,"05/29/2025 11:35 AM","Operational",,"","","","",,
"QTvH7jqBUZ","VR Client PC VC047","Origin Red computer, VR Client PC. 
Change CMOS Battery? : 6-16-2026
Headset Type : DPVR E4C
Windows Version : 10 Pro
Control Software Installed : VR Client Launcher 2.04
Power Supply : 850 W
Motherboard : ASUS ROG STRIX Z390-i
GPU : RTX 5070
CPU : i7-9700K
RAM : 16GB DDR4
Galil : N/A
Tech: Miheer and Ethen
Date: 06-22-2026
Other Software Installed : Steam, SteamVR 2.12.14, TeamViewer, IntelBurnTest v2, Furmark v1.19.0.0, OpenHardwareMonitor v0.9.6, GeForce Driver, directx_Jun2010_redist, VC_redist.x64, VC_redist.x86, DPVRAssistantSetup3.9.26, HEVC Codec, Core Temp","Origin Red PC.","VC047",,,"USSRC-U.S. Space and Rocket Center",,,,"Assets","","",,"",,"","","",false,,,,"06/03/2025 09:00 AM","Operational",,"","","","",,
"I1uUGP0AiX","VR Client PC VC048","Origin Red computer, VR Client PC. 
Change CMOS Battery? : 5-7-26
Headset Type : Vive Cosmos
Windows Version : 10 Pro
Control Software Installed : VR Client Launcher 2.04
Power Supply : 850w
Motherboard :  MSI Z270i
GPU : RTX 5070
CPU : i7-7700K
RAM : 16G DDR4
Galil : N/A
Tech: Ethen
Date: 5/12/26
Other Software Installed : Steam, Steam VR v2.15.6, Team Viewer, IntelBurnTest v2, Furmark 1.19.0.0, OpenHardwareMonitor v0.9.6, GeForce Driver v572.83, directx_Jun2010_redist, VC_redist.x64, VC_redistx86, HEVC Codec, Vive Console 2.0.24.7. Core Temp","Origin Red PC.","VC048",,,"Pulseworks Shop",,,,"Assets","","",,"",,"","","",false,,,,"07/10/2025 08:32 AM","Operational",,"","","","",,
"cUQG23zJqF","VR Client PC VC049","Origin Red computer, VR Client PC. 
Change CMOS Battery? : ???
Headset Type : 
Windows Version : 
Control Software Installed :
Power Supply : 
Motherboard : 
GPU : 
CPU : 
RAM : 
Galil : N/A
Tech:
Date:
Other Software Installed :
","Origin Red PC.","VC049","VC049",,"MSI-Museum of Science and Industry",,,,"Assets","","",,"",,"","","",,,,,"02/16/2026 07:24 AM","Operational",,"","","","",,
"JU6rz8ZwWA","VR Client PC VC051","Origin Red computer, VR Client PC.  Change CMOS Battery? : 4-16-25 Headset Type : DPVR E4C Windows Version : 10 Pro Control Software Installed : VR Client Launcher 2.04 Power Supply : 850w Motherboard : ASUS ROG STRIX Z370-I GAMING GPU : GeForce RTX 4070 CPU : i7-8700K RAM : 16GB DDR4 Galil : N/A Tech: Miheer Date: 09-04-2025 Other Software Installed : Steam, SteamVR 2.12.14, TeamViewer, IntelBurnTest v2, Furmark v1.19.0.0, OpenHardwareMonitor v0.9.6, GeForce Driver, directx_Jun2010_redist, VC_redist.x64, VC_redist.x86, DPVRAssistantSetup3.9.26, HEVC Codec","Origin Red PC.","VC051","VC051","","Pulseworks Shop","",,,"Assets","","",,"",,"","","",false,,"","","04/29/2025 06:25 AM","Operational",,"","","","",,
"YQpYlEKMS5","VR Client PC VC052","Origin Red computer, VR Client PC. 
Change CMOS Battery? : 6/10/25
Headset Type : HP
Windows Version : 10pro
Control Software Installed : VR Client Launcher 2.04
Power Supply : 850W
Motherboard : MSI Z390i
GPU : RTX 3070Ti
CPU : I7-9700K
RAM : 16Gb DDR4
Galil : N/A
Tech: Mireer
Date: 6/30/25
Other Software Installed : Steam, Steam VR v2.9.6, Team Viewer, IntelBurnTest v2, Furmark 1.19.0.0, OpenHardwareMonitor v0.9.6, GeForce Driver v572.83, directx_Jun2010_redist, VC_redist.x64, VC_redistx86, HEVC Codec, WMR. 
","Origin Red PC.","VC052","VC052",,"USSRC-U.S. Space and Rocket Center",,,,"Assets","","",,"",,"","","",false,,,,"06/06/2025 01:35 PM","Operational",,"","","","",,
"3NC5r9XCDv","VR Client PC VC053","Origin Red computer, VR Client PC. 
Change CMOS Battery? : 7-13-2026
Headset Type : DPVR E4C
Windows Version : 10 Pro
Control Software Installed : VR Client Launcher 2.04
Power Supply : 850w
Motherboard :  MSI Z270i
GPU : RTX 5070
CPU : i7-7700K
RAM : 16G DDR4
Galil : N/A
Tech: Miheer, Ethen and Akash
Date: 7-15-2026
Other Software Installed : Steam, SteamVR 2.12.14, TeamViewer, IntelBurnTest v2, Furmark v1.19.0.0, OpenHardwareMonitor v0.9.6, GeForce Driver, directx_Jun2010_redist, VC_redist.x64, VC_redist.x86, DPVRAssistantSetup3.9.26, HEVC Codec, Core Temp
","Origin Red PC.","VC053",,,"Pulseworks Shop",,,,"Assets","","",,"",,"","","",false,,,,"06/02/2025 10:50 AM","Operational",,"","","","",,
"khzB11Opw8","VR Client PC VC054","Origin Red computer, VR Client PC. 
Change CMOS Battery? :
Headset Type : 
Windows Version : 10 Pro
Control Software Installed : VR Client Launcher 2.04
Power Supply :
Motherboard : 
GPU : 
CPU : 
RAM :
Galil : 
Tech: 
Date:
Other Software Installed :","Origin Red PC.","VC054",,,"Pulseworks Shop",,,,"Assets","","",,"",,"","","",false,,,,"08/19/2025 07:01 AM","Operational",,"","","","",,
"RpAoz0T47q","VR Client PC VC055","Origin Red computer, VR Client PC. 
Simulator Type :
Headset Type : Vive Cosmos 
Windows Version : 10 Pro
Control Software Installed : VR Client Launcher 2.04
Power Supply : 850w
Motherboard :  Asus Strix Z790i
GPU : RTX 4070
CPU : i7-12700K
RAM : 32G DDR5
Galil : N/A
Date : 2/10/25 Billy
Other Software Installed : Steam, Steam VR, WMR, Team Viewer.","Origin Red PC.","VC055",,,"Pulseworks Shop",,,,"Assets","","",,"",,"","","",false,,,,"03/03/2025 11:31 AM","Operational",,"","","","",,
"KUD4Hnchbo","VR Client PC VC057","Origin Red computer, VR Client PC. 
Change CMOS Battery? : ???
Headset Type : 
Windows Version : 
Control Software Installed :
Power Supply : 
Motherboard : 
GPU : 
CPU : 
RAM : 
Galil : N/A
Tech:
Date:
Other Software Installed :
","Origin Red PC.","VC057","VC057",,"Pulseworks Shop",,,,"Assets","","",,"",,"","","",,,,,"12/23/2025 09:50 AM","Operational",,"","","","",,
"oqsXclrGd1","VR Client PC VC058","Origin Red computer, VR Client PC. 
Change CMOS Battery? : new
Headset Type : E4C
Windows Version : 10 Pro
Control Software Installed : VR Client Launcher 2.04
Power Supply : 850w
Motherboard :  Asus Strix Z390i
GPU : RTX 4070 Super
CPU : i7-13700K
RAM : 32G DDR5
Galil : N/A
Tech: Ethen / Miheer
Date:
Other Software Installed : Steam, Steam VR v2.9.6, Team Viewer, IntelBurnTest v2, Furmark 1.19.0.0, OpenHardwareMonitor v0.9.6, GeForce Driver v572.83, directx_Jun2010_redist, VC_redist.x64, VC_redistx86, HEVC Codec, DPVRAssistantSetup.","Origin Red PC.","VC058","VC058",,"Pulseworks Shop",,,,"Assets","","",,"",,"","","",false,,,,"07/10/2025 08:32 AM","Operational",,"","","","",,
"nHGZJuOWvg","VR Client PC VC059","Origin Red computer, VR Client PC. 
Change CMOS Battery? : 6/11/25
Headset Type : DPVR E4C
Windows Version : 10 Pro
Control Software Installed : VR Client Launcher 2.04
Power Supply : 850w
Motherboard : MSI MPG Z390i GAMING EDGE AC
GPU : RTX 5070
CPU : I7-9700K
RAM : 16Gb DDR4
Galil : N/A
Tech: Ethen and Miheer
Date : 01-09-2026
Other Software Installed : Steam, SteamVR 2.14.5, TeamViewer, IntelBurnTest v2, Furmark v1.19.0.0, OpenHardwareMonitor v0.9.6, GeForce Driver, directx_Jun2010_redist, VC_redist.x64, VC_redist.x86, DPVRAssistantSetup3.9.26, HEVC Codec, Core Temp","Origin Red PC.","VC059","","","Pulseworks Shop","",,,"Assets","","",,"",,"","","",false,,"","","07/03/2025 05:45 AM","Operational",,"","","","",,
"l9TpAwgn1q","VR Client PC VC060","Origin Red computer, VR Client PC. 
Change CMOS Battery? : 6/11/25
Headset Type : E4C
Windows Version : 10 Pro
Control Software Installed : VR Client Launcher 2.04
Power Supply : 850w
Motherboard :  MSI Z390i
GPU : RTX 4070
CPU : i7-9700K
RAM : 16G DDR4
Galil : N/A
Tech: Miheer
Date: 7/3/25
Other Software Installed : Steam, Steam VR v2.9.6, Team Viewer, IntelBurnTest v2, Furmark 1.19.0.0, OpenHardwareMonitor v0.9.6, GeForce Driver v572.83, directx_Jun2010_redist, VC_redist.x64, VC_redistx86, HEVC Codec, DPVRAssistantSetup.","Origin Red PC.","VC060",,,"Pulseworks Shop",,,,"Assets","","",,"",,"","","",false,,,,"06/02/2025 10:50 AM","Operational",,"","","","",,
"80U6KLB84w","VR Client PC VC062","Origin Red computer, VR Client PC. 
Change CMOS Battery? : 2-6-2026
Headset Type : DPVR E4C
Windows Version : 10 Pro
Control Software Installed : VR Client Launcher 2.04
Power Supply : 
Motherboard : ASUS ROG STRIX Z390-I gaming
GPU : RTX 4070
CPU : i7-9700K
RAM : 16 GB DDR4
Galil : N/A
Tech: Miheer
Date: 3-18-2026
Other Software Installed : Steam, SteamVR 2.14.5, TeamViewer, IntelBurnTest v2, Furmark v1.19.0.0, OpenHardwareMonitor v0.9.6, GeForce Driver, directx_Jun2010_redist, VC_redist.x64, VC_redist.x86, DPVRAssistantSetup3.9.26, HEVC Codec, Core Temp
","Origin Red PC.","VC062","VC062",,"Intrepid - Intrepid Sea Air & Space Museum (FANA)",,,,"Assets","","",,"",,"","","",false,,,,"02/16/2026 07:19 AM","Operational",,"","","","",,
"yf7tWpKS3S","VR Client PC VC063","Origin Red computer, VR Client PC. 
Change CMOS Battery? : ???
Headset Type : 
Windows Version : 
Control Software Installed :
Power Supply : 
Motherboard : 
GPU : 
CPU : 
RAM : 
Galil : N/A
Tech:
Date:
Other Software Installed :
","Origin Red PC.","VC063","VC063",,"Pulseworks Shop",,,,"Assets","","",,"",,"","","",,,,,"09/12/2025 06:58 AM","Operational",,"","","","",,
"6oAgZr66IA","VR Client PC VC064","Origin Red computer, VR Client PC. 
Change CMOS Battery? : 1-23-2026
Headset Type : DPVR E4C
Windows Version : 10 Pro
Control Software Installed : VR Client Launcher 2.04
Power Supply : 850W
Motherboard : ASUS ROG STRIX Z370-i GAMING
GPU : RTX 5070
CPU : i7-8700K
RAM : 16 GB DDR4
Galil : N/A
Tech: Miheer 
Date: 06-19-2026
Other Software Installed : Steam, SteamVR 2.12.14, TeamViewer, IntelBurnTest v2, Furmark v1.19.0.0, OpenHardwareMonitor v0.9.6, GeForce Driver, directx_Jun2010_redist, VC_redist.x64, VC_redist.x86, DPVRAssistantSetup3.9.26, HEVC Codec, Core Temp
","Origin Red PC.","VC064","VC064",,"USSRC-U.S. Space and Rocket Center",,,,"Assets","","",,"",,"","","",false,,,,"01/23/2026 11:16 AM","Operational",,"","","","",,
"tKw2x4UG7e","VR Client PC VC065","Origin Red Computer, VR Client PC.
Change CMOS Battery? : Brand New
Headset Type : DPVR E4C
Windows Version : 10 Pro
Control Software Installed : VR Client Launcher 2.04
Power Supply : 850w
Motherboard : Asus ROG STRIX Z390-I Gaming
GPU : Nvidia RTX 4070
CPU : i7-9700K
RAM : 16GB DDR4
Galil : N/A
Tech: Miheer & Ethen
Date: 10-09-25
Other Software Installed : Steam, SteamVR 2.12.14, TeamViewer, IntelBurnTest v2, Furmark v1.19.0.0, OpenHardwareMonitor v0.9.6, GeForce Driver, directx_Jun2010_redist, VC_redist.x64, VC_redist.x86, DPVRAssistantSetup3.9.26, HEVC Codec","Origin Red PC","VC065",,,"Pulseworks Shop",,,,"Assets","","",,"",,"","","",false,,,,"07/16/2025 12:56 PM","Operational",,"","","","",,
"Ywqruk3QH7","VR Client PC VC066","Origin Red computer, 
VR Client PC.  
Change CMOS Battery? : 9-30-25
Headset Type : DPVR E4C 
Windows Version : 10 Pro  
Control Software Installed : VR Client Launcher 2.04
Power Supply : 850W 
Motherboard :  MSI Z370i GAMING PRO CARBON AC
GPU :  RTX 5070
CPU :  i7-8700
RAM :  16 GB DDR4
Galil : N/A 
Tech: Miheer
Date: 01-16-2026
Other Software Installed : Steam, SteamVR 2.14.5, TeamViewer, IntelBurnTest v2, Furmark v1.19.0.0, OpenHardwareMonitor v0.9.6, GeForce Driver, directx_Jun2010_redist, VC_redist.x64, VC_redist.x86, DPVRAssistantSetup3.9.26, HEVC Codec, Core Temp","Origin Red PC.","VC066","VC066","","Intrepid - Intrepid Sea Air & Space Museum (FANA)","",,,"Assets","","",,"",,"","","",false,,"","","09/17/2025 10:41 AM","Operational",,"","","","",,
"BIbYDH8lcD","VR Client PC VC068","Origin Red computer, VR Client PC. 
Change CMOS Battery? : 1-20-2026
Headset Type : DPVR E4C
Windows Version : 11 Pro
Control Software Installed : VR Client Launcher 2.04
Power Supply : 850w
Motherboard :  ASUS ROG STRIX B760-i GAMING
GPU : RTX 4070
CPU : i9-14900
RAM : 32G DDR5
Galil : N/A
Tech: Miheer
Date: 3/19/26
Other Software Installed : Steam, SteamVR 2.14.5, TeamViewer, IntelBurnTest v2, Furmark v1.19.0.0, OpenHardwareMonitor v0.9.6, GeForce Driver, directx_Jun2010_redist, VC_redist.x64, VC_redist.x86, DPVRAssistantSetup3.9.26, HEVC Codec, Core Temp","Origin Red PC.","VC068",,,"Pulseworks Shop",,,,"Assets","","",,"",,"","","",false,,,,"06/17/2025 01:34 PM","Operational",,"","","","",,
"pu8VA5ihFo","VR Client PC VC069","Origin Red computer, VR Client PC. 
Change CMOS Battery? : 2-6-26
Headset Type : DPVR E4C
Windows Version : 10 Pro
Control Software Installed : VR Client Launcher 2.04
Power Supply : 850 W
Motherboard : ASUS ROG STRIX Z370-i gaming
GPU : RTX 4070
CPU : i7-8700K
RAM : 16GB DDR4
Galil : N/A
Tech: Ethen and Miheer
Date: 02-10-2026
Other Software Installed : Steam, SteamVR 2.14.5, TeamViewer, IntelBurnTest v2, Furmark v1.19.0.0, OpenHardwareMonitor v0.9.6, GeForce Driver, directx_Jun2010_redist, VC_redist.x64, VC_redist.x86, DPVRAssistantSetup3.9.26, HEVC Codec, Core Temp","Origin Red PC.","VC069","","","Pulseworks Shop","",,,"Assets","","",,"",,"","","",false,,"","","08/19/2025 07:01 AM","Operational",,"","","","",,
"MumC4VdyeY","VR Client PC VC070","Origin Red computer, VR Client PC. 
Headset Type : DPVR 
Windows Version : 10 Pro
Control Software Installed : VRClientLauncherv2.04
Power Supply : 850 W
Motherboard :  ASUS ROG STRIX Z390-I GAMING
GPU : GeForce RTX 4070
CPU : i7-9700K
RAM : 16GB DDR4
Galil : N/A
Date : 08-11-2025 Miheer
Other Software Installed : Steam, SteamVR v2.12.9, Team Viewer, IntelBurnTest v2, Furmark v1.19.0.0, OpenHardwareMonitor v0.9.6, GeForce Driver v572.83, directx_Jun2010_redist, VC_redist.x64, VC_redist.x86, DPVR Assistant, HEVC Codec","Origin Red PC.","VC070",,,"HAZY-Steven F. Udvar-Hazy Center",,,,"Assets","","",,"",,"","","",false,,,,"03/05/2025 10:27 AM","Operational",,"","","","",,
"6nSxNdZJOM","VR Client PC VC072","Origin Red computer, VR Client PC. 
Change CMOS Battery? : 6/11/25
Headset Type : Vive Cosmos 
Windows Version : 10 Pro
Control Software Installed : VR Client Launcher 2.04
Power Supply : 850w
Motherboard :  MSI MPG Z270i
GPU : 3070Ti
CPU : i7-7700K
RAM : 16G DDR4
Galil : N/A
Date : 3/20/25 Ethen
Other Software Installed : Steam, Steam VR v2.9.6, Team Viewer, IntelBurnTest v2, Furmark 1.19.0.0, OpenHardwareMonitor v0.9.6, GeForce Driver v572.83, directx_Jun2010_redist, VC_redist.x64, VC_redistx86, HEVC Codec, Vive Console v2.0.24.7.","Origin Red PC.","VC072",,,"Pulseworks Shop",,,,"Assets","","",,"",,"","","",false,,,,"04/14/2025 10:18 AM","Operational",,"","","","",,
"sC8BNJMN0U","VR Client PC VC073","Origin Red computer, VR Client PC. 
Change CMOS Battery? : 04-14-2026
Headset Type : DPVR E4C
Windows Version : 11 Pro
Control Software Installed : VR Client Launcher 2.04
Power Supply : 850W
Motherboard : ASUS ROG STRIX B760-i GAMING
GPU : RTX 4070
CPU : i9-14900
RAM : DDR5 32 GB
Galil : N/A
Tech: Miheer
Date: 04-16-2026
Other Software Installed : Steam, SteamVR 2.15.6, TeamViewer, IntelBurnTest v2, Furmark v1.19.0.0, OpenHardwareMonitor v0.9.6, GeForce Driver, directx_Jun2010_redist, VC_redist.x64, VC_redist.x86, DPVRAssistantSetup3.9.26, HEVC Codec, Core Temp
","Origin Red PC.","VC073","VC073",,"USAFM-National Museum of the United States Air Force",,,,"Assets","","",,"",,"","","",false,,,,"10/06/2025 02:25 PM","Operational",,"","","","",,
"6FInR2Laln","VR Client PC VC074","Origin Red computer, VR Client PC. 
Change CMOS Battery? : 09-18-2025
Headset Type : DPVR E4C
Windows Version : 10 Pro
Control Software Installed : VR Client Launcher 2.04
Power Supply : 850w
Motherboard :  ASUS ROG STRIX Z370-I GAMING
GPU : RTX 5070
CPU : i7-9700K
RAM : 32GB DDR4
Galil : N/A
Tech: Miheer/Ethen
Date:09-22-2025
Other Software Installed : Steam, SteamVR 2.12.14, TeamViewer, IntelBurnTest v2, Furmark v1.19.0.0, OpenHardwareMonitor v0.9.6, GeForce Driver, directx_Jun2010_redist, VC_redist.x64, VC_redist.x86, DPVRAssistantSetup3.9.26, HEVC Codec
","Origin Red PC.","VC074",,"","Pulseworks Shop",,,,"Assets","","",,"",,"","","",false,,"","","06/17/2025 01:29 PM","Operational",,"","","","",,
"FTXIdvsslw","VR Client PC VC075","Origin Red computer, VR Client PC. 
Change CMOS Battery? : 10/24/25
Headset Type : HP
Windows Version : 10Pro
Control Software Installed : VR Client Launcher 2.04
Power Supply : 850w
Motherboard : ASUS ROG STRIX Z370-i GAMING
GPU : RTX 5070
CPU : i7-8700K
RAM : 32Gb  DDR4
Galil : N/A
Tech: Miheer
Date: 11-26-2025
Other Software Installed :  Steam, SteamVR 2.13.7, TeamViewer, IntelBurnTest v2, Furmark v1.19.0.0, OpenHardwareMonitor v0.9.6, GeForce Driver, directx_Jun2010_redist, VC_redist.x64, VC_redist.x86, Windows Mixed Reality, HEVC Codec
","Origin Red PC.","VC075",,,"MSI-Museum of Science and Industry",,,,"Assets","","",,"",,"","","",false,,,,"08/01/2025 07:46 AM","Operational",,"","","","",,
"1RgeGWBQlw","VR Client PC VC076","Origin Red computer, VR Client PC. 
CMOS Battery Change: 10-7-25
Headset Type : DPVR E4C
Windows Version : 10 Pro
Control Software Installed : VR Client Launcher 2.04
Power Supply : 850w
Motherboard :  MSI Z270i Gaming Pro Carbon AC
GPU : RTX 5070
CPU : i7-7700K
RAM : 16G DDR4
Galil : N/A
Date : 1/24/25 Ethen and Miheer
Other Software Installed : Steam, SteamVR 2.14.5, TeamViewer, IntelBurnTest v2, Furmark v1.19.0.0, OpenHardwareMonitor v0.9.6, GeForce Driver, directx_Jun2010_redist, VC_redist.x64, VC_redist.x86, DPVRAssistantSetup3.9.26, HEVC Codec","Origin Red PC.","VC076",,,"USAFM-National Museum of the United States Air Force",,,,"Assets","","",,"",,"","","",false,,,,"03/05/2025 10:08 AM","Operational",,"","","","",,
"J64rNLDFyf","VR Client PC VC077","Origin Red computer, 
VR Client PC.  
Headset Type : DPVR E4C  
Cmos Battery Change: 04-13-2026 
Windows Version : 11 Pro 
Control Software Installed : VR Client Launcher 2.04 Power Supply : 850w 
Motherboard :  ASUS ROG STRIX B760-i GAMING GPU : GeForce RTX 5070 
CPU : i9-14900 
RAM : 32GB DDR5 
Galil : N/A 
Date : 04/16/26 Miheer 
Other Software Installed : Steam, SteamVR 2.15.6, TeamViewer, IntelBurnTest v2, Furmark v1.19.0.0, OpenHardwareMonitor v0.9.6, GeForce Driver, directx_Jun2010_redist, VC_redist.x64, VC_redist.x86, DPVRAssistantSetup3.9.26, HEVC Codec, Core Temp","Origin Red PC.","VC077","","","Pulseworks Shop","",,,"Assets","","",,"",,"","","",false,,"","","04/14/2025 10:15 AM","Operational",,"","","","",,
"s7ugGhXlCj","VR Client PC VC078","Origin Red computer, VR Client PC. 
Change CMOS Battery? : 6/11/25
Headset Type : DPVR E4C
Windows Version : 10 Pro
Control Software Installed : VR Client Launcher 2.04
Power Supply : 850w
Motherboard : MSI Z390i  Gaming Edge AC
GPU : RTX 5070
CPU : i7 - 8700K
RAM : 16 GB DDR4
Galil : N/A
Date : 01-30-2026 Miheer
Other Software Installed : Steam, SteamVR 2.14.5, TeamViewer, IntelBurnTest v2, Furmark v1.19.0.0, OpenHardwareMonitor v0.9.6, GeForce Driver, directx_Jun2010_redist, VC_redist.x64, VC_redist.x86, DPVRAssistantSetup3.9.26, HEVC Codec","Origin Red PC.","VC078",,,"Pulseworks Shop",,,,"Assets","","",,"",,"","","",false,,,,"03/10/2025 07:45 AM","Operational",,"","","","",,
"OYt0UH9WEZ","VR Client PC VC079","Origin Red computer, VR Client PC. 
Change CMOS Battery? : ???
Headset Type : 
Windows Version : 
Control Software Installed :
Power Supply : 
Motherboard : 
GPU : 
CPU : 
RAM : 
Galil : N/A
Tech:
Date:
Other Software Installed :
","Origin Red PC.","VC079","VC079",,"MSI-Museum of Science and Industry",,,,"Assets","","",,"",,"","","",,,,,"02/16/2026 07:27 AM","Operational",,"","","","",,
"mWDKq1TGjw","VR Client PC VC080","Origin Red computer, VR Client PC.  
Change CMOS Battery? : 6-29-26 
Headset Type : DPVR E4C 
Windows Version : 10 Pro 
Control Software Installed : VR Client Launcher 2.04 Power Supply : 850w 
Motherboard :  Asus Strix Z370i 
GPU : RTX 5070 
CPU : i7-8700K 
RAM : 16G DDR4 
Galil : N/A 
Tech: Miheer and Ethen 
Date: 7-6-2026 
Other Software Installed : Steam, Steam VR v2.12.14, Team Viewer, IntelBurnTest v2, Furmark 1.19.0.0, OpenHardwareMonitor v0.9.6, GeForce Driver v572.83, directx_Jun2010_redist, VC_redist.x64, VC_redistx86, HEVC Codec, DPVRAssistantSetup, core temp","Origin Red PC.","VC080","","","USSRC-U.S. Space and Rocket Center","",,,"Assets","","",,"",,"","","",false,,"","","04/22/2025 09:23 AM","Operational",,"","","","",,
"pkFcmjsHnj","VR Client PC VC082","Origin Red computer, VR Client PC. 
Change CMOS Battery: 08-06-2025
Headset Type : DPVR 
Windows Version : 10 Pro
Control Software Installed : VRClientLauncherv2.04
Power Supply : 850 W
Motherboard : ASUS ROG STRIX Z370-I GAMING
GPU : GeForce RTX 4070
CPU : i7-8700K
RAM : 16GB DDR4
Galil : N/A
Tech: Miheer
Date: 08-11-2025
Other Software Installed : Steam, SteamVR v2.12.9, Team Viewer, IntelBurnTest v2, Furmark v1.19.0.0, OpenHardwareMonitor v0.9.6, GeForce Driver v572.83, directx_Jun2010_redist, VC_redist.x64, VC_redist.x86, DPVR Assistant, HEVC Codec
","Origin Red PC.","VC082",,,"HAZY-Steven F. Udvar-Hazy Center",,,,"Assets","","",,"",,"","","",false,,,,"08/01/2025 02:09 PM","Operational",,"","","","",,
"OJbPXAPx3B","VR Client PC VC083","Origin Red computer, VR Client PC. 
Change CMOS Battery? : 11-18-2025
Headset Type : HP
Windows Version : 10 Pro 
Control Software Installed : VR Client Launcher 2.04
Power Supply : 850W
Motherboard : ASUS ROG STRIX Z370-i GAMING
GPU : RTX 5070
CPU : i7-9700K
RAM : 16 GB DDR4
Galil : N/A
Tech: Ethen and Miheer
Date: 01-09-2026
Other Software Installed : Steam, SteamVR 2.14.5, TeamViewer, IntelBurnTest v2, Furmark v1.19.0.0, OpenHardwareMonitor v0.9.6, GeForce Driver, directx_Jun2010_redist, VC_redist.x64, VC_redist.x86, Windows Mixed Reality, HEVC Codec, Core Temp
","Origin Red PC.","VC083","VC083",,"Pulseworks Shop",,,,"Assets","","",,"",,"","","",false,,,,"11/13/2025 01:54 PM","Operational",,"","","","",,
"BmbeYrR6sD","VR Client PC VC084","Origin Red computer, VR Client PC. 
Cmos Battery Change: 7-16-26
Headset Type : DPVR E4C
Windows Version : 10 Pro
Control Software Installed : VR Client Launcher 2.04
Power Supply : 850 W
Motherboard : MSI Z270I GAMING PRO CARBON
GPU : GeForce RTX 5070
CPU : i7-7700K
RAM : 16GB DDR4
Galil : N/A
Date : 07-20-2026 Miheer and Akash
Other Software Installed : Steam, SteamVR 2.12.14, TeamViewer, IntelBurnTest v2, Furmark v1.19.0.0, OpenHardwareMonitor v0.9.6, GeForce Driver, directx_Jun2010_redist, VC_redist.x64, VC_redist.x86, DPVRAssistantSetup3.9.26, HEVC Codec, Core Temp","Origin Red PC.","VC084",,,"Pulseworks Shop",,,,"Assets","","",,"",,"","","",false,,,,"03/10/2025 07:48 AM","Operational",,"","","","",,
"gOkm0tAISm","VR Client PC VC085","Origin Red computer, VR Client PC. 
Change CMOS Battery? : ???
Headset Type : 
Windows Version : 
Control Software Installed :
Power Supply : 
Motherboard : 
GPU : 
CPU : 
RAM : 
Galil : N/A
Tech:
Date:
Other Software Installed :
","Origin Red PC.","VC085","VC085",,"MSI-Museum of Science and Industry",,,,"Assets","","",,"",,"","","",,,,,"02/16/2026 07:26 AM","Operational",,"","","","",,
"o6VmagaEQY","VR Client PC VC086","Origin Red computer, VR Client PC. 
CMOS Battery Change: 5-18-26
Headset Type : DPVR E4C 
Windows Version : 10 Pro
Control Software Installed : VR Client Launcher 2.04
Power Supply : 850w
Motherboard :  MSI Z270i GAMING PRO CARBON AC
GPU : RTX 5070
CPU : i7-7700K
RAM : 16GB DDR4
Galil : N/A
Date : 10-24-2025 Miheer and Ethen
Other Software Installed : Steam, SteamVR 2.12.14, TeamViewer, IntelBurnTest v2, Furmark v1.19.0.0, OpenHardwareMonitor v0.9.6, GeForce Driver, directx_Jun2010_redist, VC_redist.x64, VC_redist.x86, DPVRAssistantSetup3.9.26, HEVC Codec","Origin Red PC.","VC086",,,"USAFM-National Museum of the United States Air Force",,,,"Assets","","",,"",,"","","",false,,,,"03/20/2025 09:37 AM","Operational",,"","","","",,
"7paPEmeiqX","VR Client PC VC087","Origin Red computer, VR Client PC. 
Change CMOS Battery? : 05-15-2026
Headset Type : Vive Cosmos
Windows Version : 11 Pro
Control Software Installed : VR Client Launcher 2.04
Power Supply : 850W
Motherboard : ASROCK Z790i Lightening WIFI
GPU : RTX 5070
CPU : i9-14900
RAM : 32GB DDR5
Galil : N/A
Tech: Miheer and Ethen
Date: 05-20-2026
Other Software Installed : Steam, SteamVR 2.15.6, TeamViewer, IntelBurnTest v2, Furmark v1.19.0.0, OpenHardwareMonitor v0.9.6, GeForce Driver, directx_Jun2010_redist, VC_redist.x64, VC_redist.x86, Vive Console 20.0.24.7, HEVC Codec, Core Temp
","Origin Red PC.","VC087","VC087",,"Pulseworks Shop",,,,"Assets","","",,"",,"","","",false,,,,"09/12/2025 07:00 AM","Operational",,"","","","",,
"UwB8J78HqA","VR Client PC VC088","Origin Red computer, VR Client PC. 
Simulator Type : 5/12/25
Headset Type : HP 
Windows Version : 10 Pro
Control Software Installed : VR Client Launcher 2.04
Power Supply : 850w
Motherboard :  MSI Z270i
GPU : RTX 4070
CPU : i7-7700K
RAM : 16G DDR4
Galil : N/A
Date : 5/15/25 Ethen
Other Software Installed : Steam, Steam VR v2.9.6, Team Viewer, IntelBurnTest v2, Furmark 1.19.0.0, OpenHardwareMonitor v0.9.6, GeForce Driver v572.83, directx_Jun2010_redist, VC_redist.x64, VC_redistx86, HEVC Codec, WMR. 
","Origin Red PC.","VC088","VC088",,"USSRC-U.S. Space and Rocket Center",,,,"Assets","","",,"",,"","","",false,,,,"03/03/2025 02:33 PM","Operational",,"","","","",,
"36rHPumrGS","VR Client PC VC091","Origin Red computer, VR Client PC. 
CMOS Battery Change : 11-21-25
Headset Type : HP
Windows Version : 10 Pro
Control Software Installed : VR Client Launcher 2.04
Power Supply : 850w
Motherboard :  MSI Z270i Gaming Pro Carbon
GPU : RTX 4070
CPU : i7-7700K
RAM : 32GB DDR4
Galil : N/A
Date : 11-25-25 Miheer
Other Software Installed : Steam, SteamVR 2.14.5, TeamViewer, IntelBurnTest v2, Furmark v1.19.0.0, OpenHardwareMonitor v0.9.6, 
GeForce Driver, directx_Jun2010_redist, VC_redist.x64, VC_redist.x86, Windows Mixed Reality, HEVC Codec","Origin Red PC.","VC091",,,"Pulseworks Shop",,,,"Assets","","",,"",,"","","",false,,,,"03/06/2025 06:01 AM","Operational",,"","","","",,
"xkUCWXpHdL","VR Client PC VC092","Origin Red computer, VR Client PC. 
Simulator Type : 
Headset Type : HP
Windows Version : 10 Pro
Control Software Installed : VR Client Launcher 2.04
Power Supply : 850w
Motherboard :  Asus Strix Z390i
GPU : Zotac 4070
CPU : i7-9700K
RAM : 16G DDR4
Galil : N/A
Date : 2/3/25  Ethen
Other Software Installed : Steam, Steam VR, WMR, Team Viewer.","Origin Red PC.","VC092",,,"Pulseworks Shop",,,,"Assets","","",,"",,"","","",false,,,,"02/25/2025 10:54 AM","Operational",,"","","","",,
"UGf3lyJYLy","VR Client PC VC093","Origin Red computer, VR Client PC.  
Change CMOS Battery? : ??? 
Headset Type : DPVR E4C
Windows Version :  10 Pro
Control Software Installed : VR Client Launcher 2.04
Power Supply : 850W
Motherboard : ASUS ROG STRIX Z390-i GAMING
GPU : RTX 4070
CPU :  i7-9700K
RAM : 16GB DDR4
Galil :  N/A
Tech: Miheer, Ethen, Akash
Date: 07-16-2026
Other Software Installed : Steam, SteamVR 2.12.14, TeamViewer, IntelBurnTest v2, Furmark v1.19.0.0, OpenHardwareMonitor v0.9.6, GeForce Driver, directx_Jun2010_redist, VC_redist.x64, VC_redist.x86, DPVRAssistantSetup3.9.26, HEVC Codec, Core Temp","Origin Red PC.","VC093","","","Pulseworks Shop","",,,"Assets","","",,"",,"","","",false,,"","","07/17/2025 09:39 AM","Operational",,"","","","",,
"bESH96HrW8","VR Client PC VC094","Origin Red computer, VR Client PC.  
Change CMOS Battery? : 12-12-25 
Headset Type : HP 
Windows Version : 10 Pro 
Software Installed : VR Client Launcher 2.04 
Power Supply : 850w 
Motherboard :  Asus Rog Strix Z390i Gaming
GPU : RTX 4070 
CPU : i7-8700K 
RAM : 16G DDR4 
Galil : N/A 
Tech: Miheer 
Date: 12-12-2025
Other Software Installed : Steam, SteamVR 2.14.4, TeamViewer, IntelBurnTest v2, Furmark v1.19.0.0, OpenHardwareMonitor v0.9.6, GeForce Driver, directx_Jun2010_redist, VC_redist.x64, VC_redist.x86, Windows Mixed Reality, HEVC Codec","Origin Red PC.","VC094","","","Pulseworks Shop","",,,"Assets","","",,"",,"","","",false,,"","","04/22/2025 09:23 AM","Operational",,"","","","",,
"HWhJ6Vdc8D","VR Client PC VC096","Origin Red computer, VR Client PC. 
Change CMOS Battery? : 4/11/25
Headset Type : DPVR E4C
Windows Version : 10 Pro
Control Software Installed : VR Client Launcher 2.04
Power Supply : 850w
Motherboard :  Edge Z790i
GPU : RTX 4070
CPU : i7-12700K
RAM : 32G DDR5
Galil : N/A
Tech: Billy
Date:4/11/25
Other Software Installed : Steam, Steam VR v2.9.6, Team Viewer, IntelBurnTest v2, Furmark 1.19.0.0, OpenHardwareMonitor v0.9.6, GeForce Driver v572.83, directx_Jun2010_redist, VC_redist.x64, VC_redistx86, HEVC Codec, DPVRAssistantSetup.","Origin Red PC.","VC096",,,"Pulseworks Shop",,,,"Assets","","",,"",,"","","",false,,,,"07/10/2025 08:32 AM","Operational",,"","","","",,
"tRlq9GVrbx","VR Client PC VC097","Origin Red computer, 
VR Client PC.  
CMOS Battery change : 9-30-25 
Headset Type : DPVR E4C 
Windows Version : 10 Pro 
Control Software Installed : VR Client Launcher 2.04 
Power Supply : 850w 
Motherboard :  MSI Z270i GAMING PRO CARBON AC 
GPU : RTX 5070 
CPU : i7-6700
RAM : 16G DDR4 
Galil : N/A 
Date : 10/02/2025 Miheer 
Other Software Installed : Steam, SteamVR 2.14.4, TeamViewer, IntelBurnTest v2, Furmark v1.19.0.0, OpenHardwareMonitor v0.9.6,  GeForce Driver, directx_Jun2010_redist, VC_redist.x64, VC_redist.x86, DPVRAssistantSetup3.9.26, HEVC Codec, Core Temp","Origin Red PC.","VC097","","","Intrepid - Intrepid Sea Air & Space Museum (FANA)","",,,"Assets","","",,"",,"","","",false,,"","","03/10/2025 07:27 AM","Operational",,"","","","",,
"sLXZOQWe0u","VR Client PC VC098","Origin Red computer, VR Client PC. 
Change CMOS Battery? : ???
Headset Type : 
Windows Version : 
Control Software Installed :
Power Supply : 
Motherboard : 
GPU : 
CPU : 
RAM : 
Galil : N/A
Tech:
Date:
Other Software Installed :
","Origin Red PC.","VC098","VC098",,"Pulseworks Shop",,,,"Assets","","",,"",,"","","",,,,,"01/23/2026 11:26 AM","Operational",,"","","","",,
"v41dcMZOPY","VR Client PC VC099","Origin Red computer, VR Client PC. 
CMOS Battery Change : 7/29/25
Headset Type : HP
Windows Version : 10 Pro
Control Software Installed : VR Client Launcher 2.04
Power Supply : 850W
Motherboard :  MSI MPG Z390i GAMING EGDE AC
GPU : RTX 5070
CPU : i9-9900KF
RAM : 32 GB DDR4
Galil : N/A
Date : 12-29-2025 Miheer and Ethen 
Other Software Installed : Steam, SteamVR 2.14.5, TeamViewer, IntelBurnTest v2, Furmark v1.19.0.0, OpenHardwareMonitor v0.9.6, GeForce Driver, directx_Jun2010_redist, VC_redist.x64, VC_redist.x86, Windows Mixed Reality, HEVC Codec, Core Temp","Origin Red PC","VC099","VC099",,"FMNH-Field Museum of Natural History",,,,"Assets","","",,"",,"","","",false,,,,"07/25/2025 07:39 AM","Operational",,"","","","",,
"BBpojvyttW","VR Client PC VC100","Origin Red computer, VR Client PC.  Change CMOS Battery? : 4-24-25 Headset Type : DPVR E4C Windows Version : 10 Pro Control Software Installed : VR Client Launcher 2.04 Power Supply : 850w Motherboard : ASUS ROG STRIX Z390-i Gaming  GPU : RTX 4070 CPU : i7-9700K RAM : 16G DDR4 Galil : N/A Tech: Miheer Date: 10-03-2025 Other Software Installed : Steam, SteamVR 2.12.14, TeamViewer, IntelBurnTest v2, Furmark v1.19.0.0, OpenHardwareMonitor v0.9.6,  GeForce Driver, directx_Jun2010_redist, VC_redist.x64, VC_redist.x86, DPVRAssistantSetup3.9.26, HEVC Codec","Origin Red PC.","VC100","","","USAFM-National Museum of the United States Air Force","",,,"Assets","","",,"",,"","","",false,,"","","04/29/2025 06:25 AM","Operational",,"","","","",,
"9ijdU3b8gO","VR Client PC VC101","Origin Red computer, VR Client PC. 
Change CMOS Battery? : 5/21/25
Headset Type : DPVR E4C
Windows Version : 10 Pro
Control Software Installed : VR Client Launcher 2.04
Power Supply : 850w
Motherboard :  Asus Strix Z390i
GPU : RTX 4070
CPU : i7-9700K
RAM : 16G DDR4
Galil : N/A
Tech: Miheer
Date:8/1/25
Other Software Installed : Steam, Steam VR v2.9.6, Team Viewer, IntelBurnTest v2, Furmark 1.19.0.0, OpenHardwareMonitor v0.9.6, GeForce Driver v572.83, directx_Jun2010_redist, VC_redist.x64, VC_redistx86, HEVC Codec, DPVRAssistantSetup. ","Origin Red PC.","VC101",,,"Intrepid - Intrepid Sea Air & Space Museum (FANA)",,,,"Assets","","",,"",,"","","",false,,,,"03/05/2025 10:25 AM","Operational",,"","","","",,
"xLDpSjasSN","VR Client PC VC102","Origin Red computer, VR Client PC. 
Change CMOS Battery? : 
Headset Type :
Windows Version : 10 Pro
Control Software Installed : VR Client Launcher 2.04
Power Supply : 850w
Motherboard :  MSI Z390i
GPU : RTX 4070
CPU : i7-8700K
RAM : 16G DDR4
Galil : N/A
Tech: Andre
Date: 4/16/25
Other Software Installed : Steam, Steam VR v2.9.6, Team Viewer, IntelBurnTest v2, Furmark 1.19.0.0, OpenHardwareMonitor v0.9.6, GeForce Driver v572.83, directx_Jun2010_redist, VC_redist.x64, VC_redistx86, HEVC Codec, Vive Console 2.0.24.7.","Origin Red PC.","VC102",,,"Pulseworks Shop",,,,"Assets","","",,"",,"","","",false,,,,"07/10/2025 08:32 AM","Operational",,"","","","",,
"bnHtxI6YFR","VR Client PC VC103","Origin Red computer, VR Client PC. 
Change CMOS Battery? : 5/6/25
Headset Type : Vive Cosmos
Windows Version : 10 Pro
Control Software Installed : VR Client Launcher 2.04
Power Supply : 850w
Motherboard :  Asus Strix Z370i
GPU : RTX 4070
CPU : i7-8700K
RAM : 16G DDR4
Galil : N/A
Tech: 
Date:
Other Software Installed : Steam, Steam VR v2.9.6, Team Viewer, IntelBurnTest v2, Furmark 1.19.0.0, OpenHardwareMonitor v0.9.6, GeForce Driver v572.83, directx_Jun2010_redist, VC_redist.x64, VC_redistx86, HEVC Codec, Vive Console 2.0.24.7.","Origin Red PC.","VC103",,,"Intrepid - Intrepid Sea Air & Space Museum (FANA)",,,,"Assets","","",,"",,"","","",false,,,,"06/02/2025 10:50 AM","Operational",,"","","","",,
"a80rZcikoj","VR Client PC VC104","Origin Red computer, VR Client PC. 
Change CMOS Battery? : 7-13-26
Headset Type : HP
Windows Version : 10Pro
Control Software Installed : VR Client Launcher 2.04
Power Supply : 850W
Motherboard : ASUS ROG STRIX Z370-i GAMING
GPU : RTX 5070
CPU : i7-8700K
RAM : DDR4 16GB
Galil : N/A
Tech: Miheer, Ethen and Akash
Date: 7-16-2026
Other Software Installed : Steam, SteamVR 2.12.14, TeamViewer, IntelBurnTest v2, Furmark v1.19.0.0, OpenHardwareMonitor v0.9.6, GeForce Driver, directx_Jun2010_redist, VC_redist.x64, VC_redist.x86, DPVRAssistantSetup3.9.26, HEVC Codec, Core Temp

","Origin Red PC.","VC104","VC104","","Patriots Point-Patriots Point Naval & Maritime Museum (FANA)","",,,"Assets","","",,"",,"","","",false,,"","","11/10/2025 05:04 AM","Operational",,"","","","",,
"yglUa4M1c1","VR Client PC VC105","Origin Red computer, VR Client PC. 
Headset Type : DPVR Assistant 
cmos battery change: 8-5-25
Windows Version : 10 Pro
Control Software Installed : VR Client Launcher 2.04
Power Supply : 850 W
Motherboard : ASUS ROG STRIX Z370-I GAMING
GPU : GeForce RTX 4070
CPU : i7-8700K
RAM : 16G DDR4
Galil : N/A
Date : 08-11-2025 Miheer
Other Software Installed : Steam, SteamVR v2.12.9, Team Viewer, IntelBurnTest v2, Furmark v1.19.0.0, OpenHardwareMonitor v0.9.6, GeForce Driver v572.83, directx_Jun2010_redist, VC_redist.x64, VC_redist.x86, DPVR Assistant, HEVC Codec","Origin Red PC.","VC105",,,"HAZY-Steven F. Udvar-Hazy Center",,,,"Assets","","",,"",,"","","",false,,,,"03/10/2025 07:41 AM","Operational",,"","","","",,
"zuxVulXO2A","VR Client PC VC150","Origin Red computer, VR Client PC. 
Change CMOS Battery? : 4-18-25
Headset Type : HP
Windows Version : 10 Pro 
Control Software Installed : VR Ada Launcher 
Power Supply : 850W
Motherboard : ASUS ROG STRIX Z390-I GAMING
GPU : GeForce RTX 5070
CPU : i7-9700K
RAM : 16GB DDR4
Galil : N/A
Tech: Miheer & Ethen
Date: 08-06-2025
Other Software Installed : Steam, Steam VR v2.9.6, Team Viewer, IntelBurnTest v2, Furmark 1.19.0.0, OpenHardwareMonitor v0.9.6, GeForce Driver v572.83, directx_Jun2010_redist, VC_redist.x64, VC_redistx86, HEVC Codec, Pulselock v2.34, Windows Mix Reality

","Origin Red PC.","VC150",,"","FMNH-Field Museum of Natural History",,,,"Assets","","",,"",,"","","",false,,"","","08/01/2025 07:49 AM","Operational",,"","","","",,
"XuEWhsIh8j","VR Client PC VC151","Origin Red computer, VR Client PC.  Change CMOS Battery? : ??? Headset Type : DPVR E4C Windows Version : 10 Pro Control Software Installed : VR Client Launcher 2.04 Power Supply : 850w Motherboard :  ??? Z270i GPU : RTX 4070 CPU : i7-7700K RAM : 16G DDR4 Galil : N/A Tech: Andre Date:4/16/25 Other Software Installed : Steam, Steam VR v2.9.6, Team Viewer, IntelBurnTest v2, Furmark 1.19.0.0, OpenHardwareMonitor v0.9.6, GeForce Driver v572.83, directx_Jun2010_redist, VC_redist.x64, VC_redistx86, HEVC Codec, DPVRAssistantSetup.","Origin Red PC.","VC151","","","Intrepid - Intrepid Sea Air & Space Museum (FANA)","",,,"Assets","","",,"",,"","","",false,,"","","04/22/2025 09:23 AM","Operational",,"","","","",,
"JRHMz1nhuH","VR Client PC VC152","Origin Red computer, VR Client PC. 
Change CMOS Battery? : 2-6-26
Headset Type : DPVR E4C
Windows Version : 10 Pro
Control Software Installed : VR Client Launcher 2.04
Power Supply : 850w
Motherboard :  ASUS ROG STRIX Z390-i gaming
GPU : RTX 4070
CPU : i7-8700K
RAM : 16G DDR4
Galil : N/A
Tech: Ethen and Miheer
Date: 2-16-2026
Other Software Installed : Steam, SteamVR 2.14.5, TeamViewer, IntelBurnTest v2, Furmark v1.19.0.0, OpenHardwareMonitor v0.9.6, GeForce Driver, directx_Jun2010_redist, VC_redist.x64, VC_redist.x86, DPVRAssistantSetup3.9.26, HEVC Codec, Core Temp","Origin Red PC.","VC152",,,"Intrepid - Intrepid Sea Air & Space Museum (FANA)",,,,"Assets","","",,"",,"","","",false,,,,"07/10/2025 08:32 AM","Operational",,"","","","",,
"v65kxi3jdn","VR Client PC VC153","Origin Red computer, VR Client PC. 
Change CMOS Battery? : 5/7/25
Headset Type : HP
Windows Version : 10 Pro
Control Software Installed : VR Client Launcher 2.04
Power Supply : 850w
Motherboard :  Asus Strix Z390i
GPU : RTX 4070
CPU : i7-8700K
RAM : 16G DDR4
Galil : N/A
Tech: Reggie
Date:4/25/25
Other Software Installed : Steam, Steam VR v2.9.6, Team Viewer, IntelBurnTest v2, Furmark 1.19.0.0, OpenHardwareMonitor v0.9.6, GeForce Driver v572.83, directx_Jun2010_redist, VC_redist.x64, VC_redistx86, HEVC Codec, Winhance.","Origin Red PC.","VC153",,"","FMNH-Field Museum of Natural History",,,,"Assets","","",,"",,"","","",false,,"","","05/29/2025 11:31 AM","Operational",,"","","","",,
"3YlanBcUTu","VR Client PC VC154","Origin Red computer, VR Client PC. 
Change CMOS Battery? : 5/21/25
Headset Type : DPVR E4C
Windows Version : 10 Pro
Control Software Installed : VR Client Launcher 2.04
Power Supply : 850w
Motherboard :  MSI Z270i Gaming Pro Carbon
GPU : RTX 2080
CPU : i7-7700K
RAM : 16GB DDR4
Galil : N/A
Tech: Miheer and Ethen
Date:10-07-2025
Other Software Installed : Steam, SteamVR 2.12.14, TeamViewer, IntelBurnTest v2, Furmark v1.19.0.0, OpenHardwareMonitor v0.9.6, GeForce Driver, directx_Jun2010_redist, VC_redist.x64, VC_redist.x86, DPVRAssistantSetup3.9.26, HEVC Codec","Origin Red PC.","VC154",,,"Pulseworks Shop",,,,"Assets","","",,"",,"","","",false,,,,"05/29/2025 10:11 AM","Operational",,"","","","",,
"7YrBMnGYmV","VR Client PC VC155","Origin Red computer, VR Client PC. 
Change CMOS Battery? : 2/7/25
Headset Type : DPVR E4C
Windows Version : 10 Pro
Control Software Installed : VR Client Launcher 2.04
Power Supply : 850w
Motherboard :  Asus Strix Z390i
GPU : RTX 4070
CPU : i7-8700K
RAM : 16G DDR4
Galil : N/A
Date : 1/16/26 Miheer and Ethen
Other Software Installed : Steam, SteamVR 2.14.5, TeamViewer, IntelBurnTest v2, Furmark v1.19.0.0, OpenHardwareMonitor v0.9.6, GeForce Driver, directx_Jun2010_redist, VC_redist.x64, VC_redist.x86, DPVRAssistantSetup3.9.26, HEVC Codec, Core Temp
","Origin Red PC.","VC155","VC155",,"Pulseworks Shop",,,,"Assets","","",,"",,"","","",false,,,,"03/03/2025 11:36 AM","Operational",,"","","","",,
"GKvDglz826","VR Client PC VC156","Origin Red computer, 
VR Client PC.  
Change CMOS Battery? : 03-27-2026
Headset Type : E4C DPVR 
Windows Version : 10 Pro 
Control Software Installed : VR Client Launcher 2.04 
Power Supply : 850w 
Motherboard :  MSI Z270i GAMING PRO CARBON AC
GPU : RTX 5070  
CPU : i7-6700K 
RAM : 16G DDR4 
Galil : N/A 
Tech: Miheer 
Date: 4-7-26 
Other Software Installed : Steam, SteamVR 2.15.6, TeamViewer, IntelBurnTest v2, Furmark v1.19.0.0, OpenHardwareMonitor v0.9.6, GeForce Driver, directx_Jun2010_redist, VC_redist.x64, VC_redist.x86, DPVRAssistantSetup3.9.26, HEVC Codec  ","Origin Red PC.","VC156","","","Patriots Point-Patriots Point Naval & Maritime Museum (FANA)","",,,"Assets","","",,"",,"","","",false,,"","","06/02/2025 10:50 AM","Operational",,"","","","",,
"uUUpstZqit","VR Client PC VC157","Origin Red computer, VR Client PC. 
Change CMOS Battery? :
Headset Type : E4C
Windows Version : 11 Pro
Control Software Installed : VR Client Launcher 2.04
Power Supply : 850w
Motherboard :  MSI Z790i
GPU : RTX 5070
CPU : i7-12700K
RAM : 32G DDR5
Galil : N/A
Tech: Miheer
Date: 7/3/25
Other Software Installed : Steam, Steam VR v2.9.6, Team Viewer, IntelBurnTest v2, Furmark 1.19.0.0, OpenHardwareMonitor v0.9.6, GeForce Driver v572.83, directx_Jun2010_redist, VC_redist.x64, VC_redistx86, HEVC Codec, DPVRAssistantSetup.","Origin Red PC.","VC157",,,"Pulseworks Shop",,,,"Assets","","",,"",,"","","",false,,,,"07/10/2025 08:32 AM","Operational",,"","","","",,
"M6Z7ygEJXR","VR Client PC VC159","Origin Red computer, VR Client PC. 
Change CMOS Battery? : 11/11/25
Headset Type : E4C
Windows Version : 11 Pro
Control Software Installed : VR Client Launcher 2.04
Power Supply : 850w
Motherboard :  ASUS ROG STRIX B760-I Gaming
GPU : RTX 5070
CPU : i7-14700
RAM : 32G DDR5
Galil : N/A
Tech: Miheer & Ethen
Date: 11/11/25
Other Software Installed : Steam, SteamVR 2.12.14, TeamViewer, IntelBurnTest v2, Furmark v1.19.0.0, OpenHardwareMonitor v0.9.6, GeForce Driver, directx_Jun2010_redist, VC_redist.x64, VC_redist.x86, DPVRAssistantSetup3.9.26, HEVC Codec, Core Temp 1.19.5","Origin Red PC.","VC159",,,"Pulseworks Shop",,,,"Assets","","",,"",,"","","",false,,,,"07/16/2025 02:23 PM","Operational",,"","","","",,
"6zyS4m5u11","VR Client PC VC160","Origin Red computer, VR Client PC. 
Change CMOS Battery? : 2/25/26
Headset Type : DPVR E4C
Windows Version : 11 Pro
Control Software Installed : VR Client Launcher 2.04
Power Supply : 850w
Motherboard :  Asus ROG Strix B760i
GPU : RTX 5070
CPU : i9-14900
RAM : 32G DDR5
Galil : N/A
Tech: Miheer
Date: 5-7-2026
Other Software Installed : Steam, Steam VR v2.12.14, Team Viewer, IntelBurnTest v2, Furmark 1.19.0.0, OpenHardwareMonitor v0.9.6, GeForce Driver v572.83, directx_Jun2010_redist, VC_redist.x64, VC_redistx86, HEVC Codec, DPVRAssistantSetup, Core Temp
","Origin Red PC.","VC160","VC160",,"USSRC-U.S. Space and Rocket Center",,,,"Assets","","",,"",,"","","",false,,,,"03/16/2026 02:23 PM","Operational",,"","","","",,
"ACmGH0EJFQ","VR Client PC VC161","Origin Red computer, VR Client PC. 
Change CMOS Battery? : 9-11-25
Headset Type : Vive Cosmos
Windows Version : 10 Pro
Control Software Installed : VR Client Launcher 2.04
Power Supply : 850W
Motherboard : ASUS ROG STRIX Z370-i GAMING
GPU : RTX 5070
CPU : i7-8700K
RAM : DDR4 32GB
Galil : N/A
Tech: Miheer 
Date: 11-26-2025
Other Software Installed : Steam, SteamVR 2.14.5, TeamViewer, IntelBurnTest v2, Furmark v1.19.0.0, OpenHardwareMonitor v0.9.6, GeForce Driver, directx_Jun2010_redist, VC_redist.x64, VC_redist.x86, Vive Console 2.0.24.7, HEVC Codec, Core Temp
","Origin Red PC.","VC161","VC161",,"Alabama- USS Alabama Battleship (FANA)",,,,"Assets","","",,"",,"","","",false,,,,"10/06/2025 02:22 PM","Operational",,"","","","",,
"qWh4GyhDfO","VR Client PC VC162","Origin Red computer, VR Client PC. 
Change CMOS Battery? : 9-23-25
Headset Type : DPVR E4C
Windows Version : 10Pro
Control Software Installed : VR Client Launcher 2.04
Power Supply : 850 W
Motherboard : ASUS ROG STRIX Z390-i GAMING
GPU : RTX 5070
CPU : i7-8700K
RAM : 16 GB DDR4
Galil : N/A
Tech: Miheer
Date: 06-19-2026
Other Software Installed : Steam, SteamVR 2.12.14, TeamViewer, IntelBurnTest v2, Furmark v1.19.0.0, OpenHardwareMonitor v0.9.6, GeForce Driver, directx_Jun2010_redist, VC_redist.x64, VC_redist.x86, DPVRAssistantSetup3.9.26, HEVC Codec, Core temp
","Origin Red PC.","VC162","VC162",,"Pulseworks Shop",,,,"Assets","","",,"",,"","","",false,,,,"09/24/2025 06:41 AM","Operational",,"","","","",,
"szW1V5EZBc","VR Client PC VC165","Origin Red computer, VR Client PC. 
Change CMOS Battery? : New
Headset Type : DPVR E4C
Windows Version : 11 Pro
Control Software Installed : VR Client Launcher 2.04
Power Supply : 850W
Motherboard : Gigabyte X870i AORUS PRO ICE
GPU : AMD Radeon RX 9060XT
CPU : AMD Ryzen 7 7700 
RAM : 32 GB DDR5
Galil : N/A
Tech: Miheer and Ethen
Date: 06-09-2026
Other Software Installed : Steam, SteamVR 2.14.5, TeamViewer, IntelBurnTest v2, Furmark v1.19.0.0, OpenHardwareMonitor v0.9.6, GeForce Driver, directx_Jun2010_redist, VC_redist.x64, VC_redist.x86, DPVRAssistantSetup3.9.26, HEVC Codec, Core Temp

","Origin Red PC.","VC165","VC165",,"Intrepid - Intrepid Sea Air & Space Museum (FANA)",,,,"Assets","","",,"",,"","","",false,,,,"01/05/2026 06:34 AM","Operational",,"","","","",,
"DZ7O8PODlZ","VR Client PC VC166","Origin Red computer, VR Client PC. 
Change CMOS Battery? : 11/25/25
Headset Type : DPVR E4C
Windows Version : 10 Pro
Control Software Installed : VR Client Launcher 2.04
Power Supply : 850w
Motherboard :  Asus Strix Z390i
GPU : RTX 4070
CPU : i7-8700K
RAM : 16G DDR4
Galil : N/A
Tech: Ethen/Miheer
Date: 11/19/25
Other Software Installed : Steam, Steam VR v2.9.6, Team Viewer, IntelBurnTest v2, Furmark 1.19.0.0, OpenHardwareMonitor v0.9.6, GeForce Driver v572.83, directx_Jun2010_redist, VC_redist.x64, VC_redistx86, HEVC Codec, DPVRAssistantSetup. 
","Origin Red PC.","VC166","VC166",,"Pulseworks Shop",,,,"Assets","","",,"",,"","","",,,,,"11/26/2025 08:17 AM","Operational",,"","","","",,
"q8GZcxXB1n","VR Client PC VC167","Origin Red computer, VR Client PC. 
Change CMOS Battery? : ???
Headset Type : 
Windows Version : 
Control Software Installed :
Power Supply : 
Motherboard : 
GPU : 
CPU : 
RAM : 
Galil : N/A
Tech:
Date:
Other Software Installed :
","Origin Red PC.","VC167","VC167",,"MSI-Museum of Science and Industry",,,,"Assets","","",,"",,"","","",false,,,,"02/16/2026 07:21 AM","Operational",,"","","","",,
"rPeyJbBZN6","VR Client PC VC168","Origin Red computer, VR Client PC. 
Change CMOS Battery? : 2/6/26
Headset Type : DPVR E4C
Windows Version : 10 Pro
Control Software Installed : VR Client Launcher 2.04
Power Supply : 850w
Motherboard :  Asus Strix Z390i
GPU : RTX 4070
CPU : i7-8700K
RAM : 32G DDR4
Galil : N/A
Tech: Miheer
Date:2/16/26
Other Software Installed : Steam, Steam VR v2.9.6, Team Viewer, IntelBurnTest v2, Furmark 1.19.0.0, OpenHardwareMonitor v0.9.6, GeForce Driver v572.83, directx_Jun2010_redist, VC_redist.x64, VC_redistx86, HEVC Codec, DPVRAssistantSetup, Winhance. 
","Origin Red PC.","VC168","VC168",,"Pulseworks Shop",,,,"Assets","","",,"",,"","","",false,,,,"02/19/2026 11:46 AM","Operational",,"","","","",,
"OEYhNm6TJm","VR Client PC VC169","Origin Red computer, VR Client PC. 
Change CMOS Battery? : 4-3-26
Headset Type : Vive Cosmos
Windows Version : 10 Pro
Control Software Installed : VR Client Launcher 2.04
Power Supply : 850W
Motherboard : MSI Z270i GAMING PRO CARBON AC
GPU : RTX 5070
CPU : i7-7700K
RAM : 16 GB DDR4
Galil : N/A
Tech: Miheer
Date: 4-7-26
Other Software Installed : Steam, SteamVR 2.15.6, TeamViewer, IntelBurnTest v2, Furmark v1.19.0.0, OpenHardwareMonitor v0.9.6, GeForce Driver, directx_Jun2010_redist, VC_redist.x64, VC_redist.x86, Vive Console 2.0.24.7, HEVC Codec, Core Temp
 ","Origin Red PC.","VC169","VC169",,"Pulseworks Shop",,,,"Assets","","",,"",,"","","",false,,,,"03/30/2026 12:00 PM","Operational",,"","","","",,
"f9kBqc6Q4P","VR Client PC VC170","Origin Red computer, VR Client PC. 
Change CMOS Battery? : 4-24-26
Headset Type : HP
Windows Version : 10 Pro 
Control Software Installed : VR Client Launcher 2.04
Power Supply : 850W
Motherboard : MSI Z270i Gaming Pro Carbon AC
GPU : RTX 4070
CPU : i7-7700
RAM : DDR4 16 GB
Galil : N/A
Tech: Miheer
Date: 05-11-2026
Other Software Installed : Steam, SteamVR 2.12.14, TeamViewer, IntelBurnTest v2, Furmark v1.19.0.0, OpenHardwareMonitor v0.9.6, GeForce Driver, directx_Jun2010_redist, VC_redist.x64, VC_redist.x86, Windows Mixed Reality, HEVC Codec, Core Temp","Origin Red PC.","VC170","VC170",,"MSI-Museum of Science and Industry",,,,"Assets","","",,"",,"","","",false,,,,"04/23/2026 01:40 PM","Operational",,"","","","",,
"cfBlWth2OH","VR Client PC VC171","Origin Red computer, VR Client PC. 
CMOS Batt:  
Headset Type : DPVR E4C
Windows Version : 10 Pro
Control Software Installed : VR Client Launcher 2.04
Power Supply : 850w
Motherboard :  MSI MPG Z390i GAMING EDGE AC
GPU : RTX 5070
CPU : i9-9900KF
RAM : 32 GB DDR4
Galil : N/A
Date : 5-29-2026 Miheer and Ethen
Other Software Installed : Steam, SteamVR 2.12.14, TeamViewer, IntelBurnTest v2, Furmark v1.19.0.0, OpenHardwareMonitor v0.9.6, GeForce Driver, directx_Jun2010_redist, VC_redist.x64, VC_redist.x86, DPVRAssistantSetup3.9.26, HEVC Codec, Core Temp","Origin Red PC","VC171","VC171",,"USAFM-National Museum of the United States Air Force",,,,"Assets","","",,"",,"","","",false,,,,"05/29/2026 10:25 AM","Operational",,"","","","",,
"AjouqbcLil","VR Client PC VCM004","MSI computer, VR Client PC. 
Change CMOS Battery? : 10/22/25
Headset Type : HP 
Windows Version : 10 Pro
Control Software Installed : VR Client Launcher 2.04
Power Supply : 750W
Motherboard : MSI MPG Z390i GAMING EDGE AC
GPU : RTX 2070
CPU : i7-9700K
RAM : DDR4 16GB
Galil : N/A
Tech: Miheer and Ethen
Date : 10-22-25
Other Software Installed :Steam, SteamVR 2.12.14, Windows Mixed Reality, TeamViewer, IntelBurnTest v2, Furmark v1.19.0.0, OpenHardwareMonitor v0.9.6, GeForce Driver, directx_Jun2010_redist, VC_redist.x64, VC_redist.x86, HEVC Codec, Core Temp Setup-v1.19.5.69,  LibreHardwareMonitor","MSI Trident","VCM004","VCM004",,"Pulseworks Shop",,,,"Assets","","",,"",,"","","",false,,,,"09/29/2025 07:57 AM","Operational",,"","","","",,
"AkDEojpwrp","VR Client PC VCM005","MSI computer, VR Client PC. 
Change CMOS Battery? : 1-29-2026
Headset Type : DPVR E4C
Windows Version : 11 Pro
Control Software Installed : VR Client Launcher 2.04
Power Supply : 450W
Motherboard : MSI MEG Z590i UNIFY
GPU : RTX 2070
CPU : i7-11700K
RAM : 16 GB DDR4
Galil : N/A
Tech: Miheer and Ethen
Date : 6-12-2026
Other Software Installed :Steam, SteamVR 2.12.14, TeamViewer, IntelBurnTest v2, Furmark v1.19.0.0, OpenHardwareMonitor v0.9.6, GeForce Driver, directx_Jun2010_redist, VC_redist.x64, VC_redist.x86, DPVRAssistantSetup3.9.26, HEVC Codec, Core Temp
","MSI Trident ","VCM005","VCM005",,"Pulseworks Shop",,,,"Assets","","",,"",,"","","",false,,,,"01/23/2026 11:21 AM","Operational",,"","","","",,
"kklMyTlPFx","VR Client PC VCM006","MSI computer, VR Client PC. 
Change CMOS Battery? : ??? 
Headset Type : HP
Windows Version : 10 Pro
Control Software Installed : VR Client Launcher 2.04
Power Supply : 
Motherboard : MSI MEG Z690i UNIFY
GPU : RTX 3070 Ti
CPU : i7-12700KF
RAM : 16GB DDR4
Galil : N/A
Tech: Miheer
Date : 10-27-2025
Other Software Installed : Steam, SteamVR 2.12.14, TeamViewer, IntelBurnTest v2, Furmark v1.19.0.0, OpenHardwareMonitor v0.9.6, GeForce Driver, directx_Jun2010_redist, VC_redist.x64, VC_redist.x86, Windows Mixed Reality, HEVC Codec","MSI Trident","VCM006","VCM006",,"Pulseworks Shop",,,,"Assets","","",,"",,"","","",false,,,,"10/09/2025 10:49 AM","Operational",,"","","","",,
"tZ2DZyvP1H","VR Client PC VCM007","MSI Trident computer, VR Client PC. 
Simulator Type :PSB
Headset Type : HP
Windows Version : 10 PRO
Control Software Installed : VR Client Launcher v2.04
Power Supply :
Motherboard :MSI MEG Z690I UNIFY
GPU : RTX 2070
CPU : Intel Core i7-12700KF
RAM : 16GB
Galil : N/A
Date : 8-19-25
Other Software Installed : Steam, Steam VR, Windows Mix Reality, Teamviewer, openhardwaremonitor, VC_redist, HEVC Codec","MSI Trident ","VCM007","","Changed Cmos battery and GPU on 8-21-25.","Pulseworks Shop","",,,"Assets","","",,"",,"","","",false,,"","","08/18/2025 01:48 PM","Operational",,"","","","",,
"yqIBPFIzSs","VR Client PC VCM008","MSI computer, VR Client PC. 
Change CMOS Battery? : ??? 
Headset Type : 
Windows Version : 10 Pro
Control Software Installed : VR Client Launcher 2.04
Power Supply : 
Motherboard : 
GPU : 
CPU : 
RAM : 
Galil : N/A
Tech:
Date : 
Other Software Installed :","MSI Trident ","VCM008","VCM008",,"Pulseworks Shop",,,,"Assets","","",,"",,"","","",false,,,,"01/23/2026 11:37 AM","Operational",,"","","","",,
"t1pTmHeg1h","VR Client PC VCM009","MSI computer, VR Client PC. 
Change CMOS Battery? : ??? 
Headset Type : 
Windows Version : 10 Pro
Control Software Installed : VR Client Launcher 2.04
Power Supply : 
Motherboard : 
GPU : 
CPU : 
RAM : 
Galil : N/A
Tech:
Date : 
Other Software Installed :","MSI Trident ","VCM009","VCM009",,"Pulseworks Shop",,,,"Assets","","",,"",,"","","",,,,,"12/23/2025 10:38 AM","Operational",,"","","","",,
"GlDqMNOGI0","VR Client PC VCM010","MSI computer, VR Client PC. 
Simulator Type : 
Headset Type : HP 
Windows Version : 10 Pro
Control Software Installed : VR Client Launcher 2.04
Power Supply : 
Motherboard :  MPG Z390i
GPU : RTX 2070
CPU : i7-9700K
RAM : 16G DDR4
Galil : N/A
Date : 3/14/25 Ethen
Other Software Installed : Steam, Steam VR v2.9.6, WMR, Team Viewer, IntelBurnTest v2, Furmark 1.19.0.0, OpenHardwareMonitor v0.9.6.","MSI Trident","VCM010","","","Pulseworks Shop","",,,"Assets","","",,"",,"","","",false,,"","","03/24/2025 09:25 AM","Operational",,"","","","",,
"UZ9zXBNYwD","VR Client PC VCM011","MSI computer, VR Client PC. 
Simulator Type : 4-27-26
Headset Type : HP 
Windows Version : 10 Pro
Control Software Installed : VR Client Launcher 2.04
Power Supply : 450W
Motherboard :  MPG Z390i
GPU : RTX 2070
CPU : i7-9700KF
RAM : 16G DDR4
Galil : N/A
Date : 5-22-26 Ethen and Miheer
Other Software Installed : Steam, SteamVR 2.12.14, TeamViewer, IntelBurnTest v2, Furmark v1.19.0.0, OpenHardwareMonitor v0.9.6, GeForce Driver, directx_Jun2010_redist, VC_redist.x64, VC_redist.x86, Windows Mixed Reality, HEVC Codec, Core Temp","MSI Trident ","VCM011",,,"Midway - USS Midway Museum (FANA)",,,,"Assets","","",,"",,"","","",false,,,,"08/05/2025 08:45 AM","Operational",,"","","","",,
"LvKPXCEDkO","VR Client PC VCM020","MSI computer, VR Client PC. 
Simulator Type : 
Headset Type : HP 
Windows Version : 10 Pro
Control Software Installed : VR Client Launcher 2.04
Power Supply : 
Motherboard :  MPG Z390i
GPU : RTX 2070
CPU : i7-9700K
RAM : 16G DDR4
Galil : N/A
Date : 3/14/25 Ethen
Other Software Installed : Steam, Steam VR v2.9.6, WMR, Team Viewer, IntelBurnTest v2, Furmark 1.19.0.0, OpenHardwareMonitor v0.9.6.","MSI Trident","VCM020",,,"MOF-Museum of Flight",,,,"Assets","","",,"",,"","","",,,,,"03/20/2025 09:47 AM","Operational",,"","","","",,
"aSqBIvQc94","VR Client PC VCM021","MSI computer, VR Client PC.  Simulator Type :  Headset Type : HP  Windows Version : 10 Pro Control Software Installed : VR Client Launcher 2.04 Power Supply :  Motherboard :  MPG Z390i GPU : RTX 2070 CPU : i7-9700K RAM : 16G DDR4 Galil : N/A Date : 3/14/25 Ethen Other Software Installed : Steam, Steam VR v2.9.6, WMR, Team Viewer, IntelBurnTest v2, Furmark 1.19.0.0, OpenHardwareMonitor v0.9.6.","MSI Trident","VCM021","","","Pulseworks Shop","",,,"Assets","","",,"",,"","","",false,,"","","03/20/2025 09:49 AM","Operational",,"","","","",,
"G9B697LziE","VR Client PC VCM023","MSI Trident computer, VR Client PC. 
Headset Type : DPVR
CMOS Battery: 10-21-25 
Windows Version : 10 PRO
Control Software Installed : VR Client Launcher 2.04
Power Supply : 750W
Motherboard : MSI MPG Z390I GAMING EDGE AC
GPU : NVIDIA GeForce RTX 2070
CPU : Intel Core i7-9700K
RAM : 16 GB DDR4
Galil : N/A
Date : 10-23-25
Other Software Installed : Steam, SteamVR 2.12.14, TeamViewer, IntelBurnTest v2, Furmark v1.19.0.0, OpenHardwareMonitor v0.9.6, GeForce Driver, directx_Jun2010_redist, VC_redist.x64, VC_redist.x86, DPVRAssistantSetup3.9.26, HEVC Codec","MSI Trident","VCM023","VCM023",,"Pulseworks Shop",,,,,"","",,"",,"","","",false,,,,"09/10/2025 09:02 AM","Operational",,"","","","",,
"teQ1B12Blo","VR Client PC VCM050","MSI Trident computer, VR Client PC. 
Simulator Type : PBS
Headset Type : HP 
Windows Version : 10 PRO
Control Software Installed : VR Client Launcher 2.04
Power Supply : 
Motherboard : MSI MPG Z390I GAMING EDGE AC
GPU : NVIDIA GeForce RTX 2070
CPU : Intel Core i7-9700K
RAM : 16.0 GB
Galil : N/A
Date : 8-21-25
Other Software Installed : Steam, Steam VR v2.9.6, WMR, Team Viewer, IntelBurnTest v2, Furmark 1.19.0.0, OpenHardwareMonitor v0.9.6.","MSI Trident","VCM050",,"","Midway - USS Midway Museum (FANA)",,,,"Assets","","",,"",,"","","",false,,,,"08/21/2025 09:14 AM","Operational",,"","","","",,
"zioCl8Dtu8","VR Client PC VCM052","MSI computer, VR Client PC. 
Change CMOS Battery? : ??? 
Headset Type : 
Windows Version : 10 Pro
Control Software Installed : VR Client Launcher 2.04
Power Supply : 
Motherboard : 
GPU : 
CPU : 
RAM : 
Galil : N/A
Tech:
Date : 
Other Software Installed :","MSI Trident ","VCM052","VCM052",,"Midway - USS Midway Museum (FANA)",,,,"Assets","","",,"",,"","","",false,,,,"12/24/2025 08:45 AM","Operational",,"","","","",,
"YCkwIltUkT","VR Client PC VCM054","MSI computer, VR Client PC. 
Change CMOS Battery? : 4/18/25
Headset Type : HP 
Windows Version : 10 Pro
Control Software Installed : VR Client Launcher 2.04
Power Supply : 850W
Motherboard :  MPG Z390i
GPU : RTX 2070
CPU : i7-9700K
RAM : 16G DDR4
Galil : N/A
Date : 9/16/25 Miheer
Other Software Installed : Steam, Steam VR v2.9.6, Team Viewer, IntelBurnTest v2, Furmark 1.19.0.0, OpenHardwareMonitor v0.9.6, GeForce Driver v572.83, directx_Jun2010_redist, VC_redist.x64, VC_redistx86, HEVC Codec, WMR, Core-Temp-setup-V1.18.1.0, Dragon Center 2.0.149.0.","MSI Trident ","VCM054","VCM054",,"MOF-Museum of Flight",,,,"Assets","","",,"",,"","","",false,,,,"09/17/2025 06:03 AM","Operational",,"","","","",,
"gU9KuXVPeD","VR Client PC VCM055","MSI computer, VR Client PC. 
CMOS Batt : 5-29-26 
Headset Type : DPVR E4C
Windows Version : 10 Pro
Control Software Installed : VR Client Launcher 2.04
Power Supply : 450 W
Motherboard :  MSI MPG Z390i
GPU : RTX 2070
CPU : i7-9700K
RAM : 16G DDR4
Galil : N/A
Date : 06-04-2026 Miheer and Ethen
Other Software Installed : Steam, SteamVR 2.12.14, TeamViewer, IntelBurnTest v2, Furmark v1.19.0.0, OpenHardwareMonitor v0.9.6, GeForce Driver, directx_Jun2010_redist, VC_redist.x64, VC_redist.x86, DPVRAssistantSetup3.9.26, HEVC Codec, Core Temp
","MSI Trident ","VCM055","VCM055",,"Midway - USS Midway Museum (FANA)",,,,"Assets","","",,"",,"","","",false,,,,"11/03/2025 06:57 AM","Operational",,"","","","",,
"YHAublnhBh","VR Client PC VCM057","MSI computer, VR Client PC. 
Change CMOS Battery? : 10-28-25
Headset Type : HP 
Windows Version : 10 Pro
Control Software Installed : VR Client Launcher 2.04
Power Supply : 450W
Motherboard :  MSI MPG Z390i GAMING EDGE AC
GPU : RTX 2070
CPU : i7-9700K
RAM : 16G DDR4
Galil : N/A
Date : 10/29/25 Miheer
Other Software Installed : Steam, SteamVR 2.12.14, TeamViewer, IntelBurnTest v2, Furmark v1.19.0.0, OpenHardwareMonitor v0.9.6, GeForce Driver, directx_Jun2010_redist, VC_redist.x64, VC_redist.x86, Windows Mixed Reality, Dragon Center 2.0.140.0, HEVC Codec","MSI Trident ","VCM057","VCM057",,"MOF-Museum of Flight",,,,"Assets","","",,"",,"","","",false,,,,"09/17/2025 06:01 AM","Operational",,"","","","",,
"eTt8xwQH2D","VR Client PC VCM058","MSI Trident computer, VR Client PC. 
CMOS Batt : 09-10-2025
Headset Type : HP
Windows Version : 10 Pro
Control Software Installed : VR Client Launcher 2.04
Power Supply : 450W
Motherboard : MSI MPG Z390i
GPU : RTX 2070
CPU : i7-8700
RAM : 16GB DDR4
Galil : N/A
Date : 06-04-2026 Miheer and Ethen
Other Software Installed : Steam, SteamVR 2.12.14, TeamViewer, IntelBurnTest v2, Furmark v1.19.0.0, OpenHardwareMonitor v0.9.6, GeForce Driver, directx_Jun2010_redist, VC_redist.x64, VC_redist.x86, Windows Mixed Reality, HEVC Codec, Core Temp","MSI Trident ","VCM058","VCM058",,,,,,"Assets","","",,"",,"","","",false,,,,"06/03/2026 08:23 AM","Operational",,"","","","",,
"RS0c9xEqJ3","VR Client PC VCM059","MSI computer, VR Client PC. 
Change CMOS Battery? : 5-29-26
Headset Type : HP
Windows Version : 10 Pro
Control Software Installed : VR Client Launcher 2.04
Power Supply : 450W
Motherboard : MSI MPG Z390i GAMING EDGE AC
GPU : RTX 2070
CPU : i7-9700K
RAM : 16GB DDR4
Galil : N/A
Tech: Miheer and Ethen
Date : 06-04-2026
Other Software Installed : Steam, SteamVR 2.12.14, TeamViewer, IntelBurnTest v2, Furmark v1.19.0.0, OpenHardwareMonitor v0.9.6, GeForce Driver, directx_Jun2010_redist, VC_redist.x64, VC_redist.x86, Windows Mixed Reality, HEVC Codec, Core Temp","MSI Trident ","VCM059","VCM059","","MOF-Museum of Flight","",,,"Assets","","",,"",,"","","",false,,"","","09/17/2025 05:33 AM","Operational",,"","","","",,
"ilebHXNGrM","VR Client PC VCM060","MSI computer, VR Client PC. 
Change CMOS Battery? : 11-4-25 
Headset Type : HP
Windows Version : 10 Pro
Control Software Installed : VR Client Launcher 2.04
Power Supply : 450W
Motherboard : MSI MPG Z390i GAMING EDGE AC
GPU : RTX 2070
CPU : i7-9700K
RAM : 16GB DDR4
Galil : N/A
Tech: Miheer and Ethen
Date : 11-14-2025
Other Software Installed : Steam, SteamVR 2.12.14, TeamViewer, IntelBurnTest v2, Furmark v1.19.0.0, OpenHardwareMonitor v0.9.6, GeForce Driver, directx_Jun2010_redist, VC_redist.x64, VC_redist.x86, Windows Mixed Reality, HEVC Codec","MSI Trident","VCM060","VCM060",,"MOF-Museum of Flight",,,,"Assets","","",,"",,"","","",false,,,,"09/29/2025 05:28 AM","Operational",,"","","","",,
"8NGVECC1WL","VR Client PC VCM061","MSI computer, VR Client PC. 
Change CMOS Battery? : 10-16-2025
Headset Type : HP
Windows Version : 10 Pro
Control Software Installed : VR Client Launcher 2.04
Power Supply : 750W
Motherboard : MSI MPG Z390i Gaming Edge AC
GPU : RTX 2070
CPU : i7-9700K
RAM : 8 GB DDR4
Galil : N/A
Tech: Miheer
Date : 10-16-2025
Other Software Installed : Steam, SteamVR 2.12.14, TeamViewer, IntelBurnTest v2, Furmark v1.19.0.0, OpenHardwareMonitor v0.9.6, GeForce Driver, directx_Jun2010_redist, VC_redist.x64, VC_redist.x86, HEVC Codec, Windows Mixed Reality","MSI Trident ","VCM061","VCM061",,"MOF-Museum of Flight",,,,"Assets","","",,"",,"","","",false,,,,"10/09/2025 10:55 AM","Operational",,"","","","",,
"pfbFfJ8C4t","VR Client PC VCM062","MSI computer, VR Client PC. 
Change CMOS Battery? : 11-25-25
Headset Type : HP
Windows Version : 10 Pro
Control Software Installed : VR Client Launcher 2.04
Power Supply : 450W
Motherboard : MSI MPG Z390i GAMING EDGE AC
GPU : RTX 2070
CPU : i7-9700K
RAM : 16 GB DDR4
Galil : N/A
Tech: Miheer and Ethen
Date : 12-17-2025
Other Software Installed : Steam, SteamVR 2.14.4, TeamViewer, IntelBurnTest v2, Furmark v1.19.0.0, OpenHardwareMonitor v0.9.6, GeForce Driver, directx_Jun2010_redist, VC_redist.x64, VC_redist.x86, Windows Mixed Reality, HEVC Codec","MSI Trident ","VCM062","VCM062","","MOF-Museum of Flight","",,,"Assets","","",,"",,"","","",false,,"","","11/26/2025 08:53 AM","Operational",,"","","","",,
"AusCyUWuSx","VR Client PC VCM063","MSI computer, VR Client PC. 
Change CMOS Battery? : 11-25-25
Headset Type : HP
Windows Version : 10 Pro
Control Software Installed : VR Client Launcher 2.04
Power Supply : 450W
Motherboard : MSI MPG Z390i GAMING EDGE
GPU : RTX 2070
CPU : i7-9700KF
RAM : 16GB DDR4
Galil : N/A
Tech: Miheer and Dayme
Date : 12-9-2025
Other Software Installed : Steam, SteamVR 2.13.7, TeamViewer, IntelBurnTest v2, Furmark v1.19.0.0, OpenHardwareMonitor v0.9.6, GeForce Driver, directx_Jun2010_redist, VC_redist.x64, VC_redist.x86, Windos Mixed Reality, HEVC Codec","MSI Trident ","VCM063","VCM063",,"Midway - USS Midway Museum (FANA)",,,,"Assets","","",,"",,"","","",false,,,,"11/26/2025 08:44 AM","Operational",,"","","","",,
"ZaBg2i8DUy","VR Client PC VCM064","MSI Trident computer, VR Client PC. 
CMOS Batt : 04-14-2026
Headset Type : DPVR E4C
Windows Version : 10 Pro
Control Software Installed : VR Client Launcher 2.04
Power Supply : 450W
Motherboard : MSI MPG Z390i
GPU : RTX 2070
CPU : i7-9700K
RAM : 16GB DDR4
Galil : N/A
Date : 05-15-2026 Miheer and Ethen
Other Software Installed : Steam, SteamVR 2.12.14, TeamViewer, IntelBurnTest v2, Furmark v1.19.0.0, OpenHardwareMonitor v0.9.6, GeForce Driver, directx_Jun2010_redist, VC_redist.x64, VC_redist.x86, DPVRAssistantSetup3.9.26, HEVC Codec, Core Temp","MSI Trident ","VCM064","VCM064",,"Midway - USS Midway Museum (FANA)",,,"miheerk@pulseworksops.com","Assets","","",,"",,"","","",false,,,,"05/27/2026 01:30 PM","Operational",,"","","","",,
"lAWVEU0DzK","VR Client PC VCM065","MSI Trident computer, VR Client PC. 
CMOS Batt : 05-29-2026
Headset Type : DPVR E4C
Windows Version : 10 Pro
Control Software Installed : VR Client Launcher 2.04
Power Supply : 450W
Motherboard : MSI MPG Z390i
GPU : RTX 2070
CPU : i7-9700K
RAM : 16GB DDR4
Galil : N/A
Date : 05-15-2026 Miheer and Ethen
Other Software Installed : Steam, SteamVR 2.12.14, TeamViewer, IntelBurnTest v2, Furmark v1.19.0.0, OpenHardwareMonitor v0.9.6, GeForce Driver, directx_Jun2010_redist, VC_redist.x64, VC_redist.x86, DPVRAssistantSetup3.9.26, HEVC Codec, Core Temp","MSI Trident","VCM065","VCM065",,"Midway - USS Midway Museum (FANA)",,,,"Assets","","",,"",,"","","",false,,,,"06/03/2026 08:32 AM","Operational",,"","","","",,
"VUG8jdv8sM","VR Client PC VCM066","MSI Trident computer, VR Client PC. 
Simulator Type : 
Headset Type : DPVR E4C
Windows Version : 10 Pro
Control Software Installed : VR Client Launcher 2.04
Power Supply : 450W
Motherboard : MSI MPG Z390i GAMING
GPU : RTX 2070
CPU : Intel Core i7-9700K
RAM : 16GB DDR4
Galil : N/A
Date : 7/31/26 Ethen, Miheer and Akash
Other Software Installed : Steam, SteamVR 2.12.14, TeamViewer, IntelBurnTest v2, Furmark v1.19.0.0, OpenHardwareMonitor v0.9.6, GeForce Driver, directx_Jun2010_redist, VC_redist.x64, VC_redist.x86, DPVRAssistantSetup3.9.26, HEVC Codec, Core Temp","MSI Trident","VCM066","VCM066","","Pulseworks Shop","",,,"Assets","","",,"",,"","","",false,,"","","07/23/2026 11:42 AM","",,"","","","",,
"wtCs41BVD9","VRA001","VR Arena.  First Gen VR Arena built in 2020 for Army Museum - Installed with Motion Reality eRifles  Vive Pro headsets  and Steam v2.0 lighthouses. (4 lighthouses total)
Returned to Pulseworks warehouse in Feb/2026.","VR Arena","VRA001","VRA001",,"Pulseworks Warehouse",,,,"Assets","","",,"",0,"","","",false,,,,"10/19/2020 09:32 AM","",,"","","","",,
"jVKuZQwWci","VRT001","","VRT",,"VRT001","","Pulseworks Shop","",,,,"","",,"",0,"","","",false,,,,"02/24/2017 11:07 AM","Out of Service/Not at site",,"","","","",,
"B0YKOpOony","VRT002","Refurbished in 2021 for Dayton.  Vive Cosmos headsets (camera tracking).  ","VRT",,"VRT002",,"USAFM-National Museum of the United States Air Force","MSP1",,"nbuerschen@afmuseum.com",,"","11/05/2021",,"",0,"","","",false,,,,"05/10/2017 03:38 PM","Operational",,"","USAFM","","",,
"PHqPLXzgJ8","VRT003","-pulled from SCH 7/20/25","VRT",,"VRT003","","Pulseworks Warehouse","",,,,"","",,"",0,"","","",false,,,,"08/02/2017 10:41 AM","",,"","","","",,
"7W1msNPWGC","VRT004",,"VRT",,"VRT004",,"Pulseworks Shop",,,,,"","",,"",0,"","","",,,,,"08/02/2017 10:43 AM","Out of Service/Not at site",,"","","","",,
"VCro7IwgSH","VRT005",,"VRT",,"VRT005",,"Pulseworks Shop",,,,,"","",,"",0,"","","",false,,,,"02/08/2018 01:32 PM","",,"","","","",,
"SMRMMufgj2","VRT006","1st gen VRT field upgraded to HP Reverb G2 headsets. Control Software 1.071","VRT",,"VRT006",,"FMNH-Field Museum of Natural History",,,"djohnson@pulseworksops.com",,"","",,"",0,"","","",false,,,,"02/01/2018 11:47 AM","",,"","Chicago ","","",,
"I9Cb3tWL1J","VRT007","HP Reverb G2 headsets and Reverb headphones","VRT",,,,"SLSC-St. Louis Science Center",,,"slsc@pulseworksops.com",,"","",,"",,"","","",false,,,,"02/08/2018 01:32 PM","",,"","SLSC","","",,
"ECsDKtAYXO","VRT008",,"VRT",,"VRT008",,"Pulseworks Warehouse",,,,,"","",,"",0,"","","",false,,,,"06/13/2018 03:41 PM","",,"","","","",,
"vLYZaoYhlV","VRT009","Original Oculus Rift Headsets","VRT",,"VRT009",,"HAZY-Steven F. Udvar-Hazy Center",,,"mnorris@pulseworks.com",,"","",,"",0,"","","",false,,,,"06/13/2018 03:42 PM","",,"","DC","","",,
"1MEkG62voO","VRT010",,"VRT",,,"Vive headsets","MOSI Tampa",,,,,"","",,"",0,"","","",false,,,,"06/26/2018 04:29 PM","",,"MOSI-Blue Spot Light,MOSI-Wiring Harness Protective Jacket","MOSI","","",,
"CiA6ByBI1J","VRT011","Removed from MOA on June/2026. ","VRT","VRT011","VRT011",,"Pulseworks Warehouse",,,,"Assets","","",,"",0,"","","",false,,"","","05/07/2019 01:58 PM","",,"","","","",,
"AXtm6DDg2T","VRT012","Pulseworks VRT Sim - Upgraded to HP Reverb G2 (2023)
-Upgraded to DPVR 2025
Control Software: VRsimControlv1.10","VRT",,"VRT012","","Patriots Point-Patriots Point Naval & Maritime Museum (FANA)","",,"patriotspoint@pulseworksops.com","","","",,"",0,"","","",false,,"","","08/29/2019 07:12 AM","",,"","Patriots Point","","",,
"mLfcClwttj","VRT014",,"VRT",,"VRT014",,"Pulseworks Shop",,,,,"","",,"",0,"","","",false,,,,"05/16/2019 04:59 PM","Out of Service/Not at site",,"","","","",,
"4vcd8Qkh4q","VRT015",,"VRT",,"VRT015",,"Pulseworks Shop",,,,,"","",,"",0,"","","",false,,,,"05/16/2019 04:59 PM","Out of Service/Not at site",,"","","","",,
"INS3qzADGZ","VRT016","VRT- Latest Gen built in 2020- Finished 2021 for SCH Installed with Vive Cosmos Headsets

-Pulled from SCH 7/20/25","VRT",,,"","Pulseworks Warehouse",,,,,"","",,"",0,"","","",false,,,,"03/08/2021 12:01 PM","",,"","","","",,
"rqTh0r0Lia","VRT017","VRT- Latest Gen built in 2020 for Army Museum.  Installed with Vive Cosmos Headsets.
Returned to Pulseworks warehouse in Feb/2026.","VRT","VRT017","VRT017",,"Pulseworks Warehouse",,,,"Assets","","",,"",0,"","","",false,,,,"10/19/2020 09:30 AM","",,"","","","",,
"DzYLwTwtlZ","i360 Training Mini PC Mini017","NUC computer 
Simulator Type : i360 Training PC
Windows Version : 11Pro
Control Software Installed : N/A
Power Supply : 120W External PS
Motherboard :  Intel NUC13ANBi5
GPU : 
CPU : i5-1340P
RAM : 16G DDR4
Galil : N/A
Date : 7-27-2026
Other Software Installed : Open Hardware Monitor v0.9.6, Pulselock v2.11, Directx_Jun2010_redist, Teamviewer, HEVC Codec","NUC 11PABi7","Mini017","Mini017","","Pulseworks Shop","",,,"Assets","","",,"",,"","","",false,,"","","07/27/2026 10:07 AM","",,"","","","",,